Date,Volume,Day_of_Week,Is_Weekend,Month,Week_of_Year,Holiday,Lag_7,Rolling_7day_Mean
2022-01-01,1616850.0,5,1,1,52,1,,
2022-01-02,2026176.0,6,1,1,52,1,,1616850.0
2022-01-03,1921966.0,0,0,1,1,1,,1821513.0
2022-01-04,1673499.0,1,0,1,1,0,,1854997.3333333333
2022-01-05,1501170.0,2,0,1,1,0,,1809622.75
2022-01-06,1543985.0,3,0,1,1,0,,1747932.2
2022-01-07,1518098.0,4,0,1,1,0,,1713941.0
2022-01-08,1450135.0,5,1,1,1,0,1616850.0,1685963.4285714286
2022-01-09,1706857.0,6,1,1,1,0,2026176.0,1662147.0
2022-01-10,1453110.0,0,0,1,2,0,1921966.0,1616530.0
2022-01-11,1129725.0,1,0,1,2,0,1673499.0,1549550.5714285714
2022-01-12,1234827.0,2,0,1,2,0,1501170.0,1471868.5714285714
2022-01-13,1543648.0,3,0,1,2,0,1543985.0,1433819.5714285714
2022-01-14,1741376.0,4,0,1,2,0,1518098.0,1433771.4285714286
2022-01-15,1421612.0,5,1,1,2,1,1450135.0,1465668.2857142857
2022-01-16,1438492.0,6,1,1,2,1,1706857.0,1461593.5714285714
2022-01-17,1704328.0,0,0,1,3,1,1453110.0,1423255.7142857143
2022-01-18,1301256.0,1,0,1,3,1,1129725.0,1459144.0
2022-01-19,1201589.0,2,0,1,3,1,1234827.0,1483648.4285714286
2022-01-20,1470973.0,3,0,1,3,0,1543648.0,1478900.142857143
2022-01-21,1514895.0,4,0,1,3,0,1741376.0,1468518.0
2022-01-22,1246901.0,5,1,1,3,0,1421612.0,1436163.5714285714
2022-01-23,1649090.0,6,1,1,3,0,1438492.0,1411204.857142857
2022-01-24,1399342.0,0,0,1,4,0,1704328.0,1441290.2857142857
2022-01-25,1063856.0,1,0,1,4,0,1301256.0,1397720.857142857
2022-01-26,1200998.0,2,0,1,4,0,1201589.0,1363806.5714285714
2022-01-27,1560893.0,3,0,1,4,0,1470973.0,1363722.142857143
2022-01-28,1634225.0,4,0,1,4,0,1514895.0,1376567.857142857
2022-01-29,1070815.0,5,1,1,4,0,1246901.0,1393615.0
2022-01-30,1716055.0,6,1,1,4,0,1649090.0,1368459.857142857
2022-01-31,1539356.0,0,0,1,5,0,1399342.0,1378026.2857142857
2022-02-01,1203689.0,1,0,2,5,0,1063856.0,1398028.2857142857
2022-02-02,1196728.0,2,0,2,5,0,1200998.0,1418004.4285714286
2022-02-03,1342502.0,3,0,2,5,0,1560893.0,1417394.4285714286
2022-02-04,1583678.0,4,0,2,5,0,1634225.0,1386195.7142857143
2022-02-05,1399603.0,5,1,2,5,0,1070815.0,1378974.7142857143
2022-02-06,1786681.0,6,1,2,5,0,1716055.0,1425944.4285714286
2022-02-07,1592651.0,0,0,2,6,0,1539356.0,1436033.857142857
2022-02-08,1239137.0,1,0,2,6,0,1203689.0,1443647.4285714286
2022-02-09,1390835.0,2,0,2,6,0,1196728.0,1448711.4285714286
2022-02-10,1786323.0,3,0,2,6,0,1342502.0,1476441.0
2022-02-11,1918436.0,4,0,2,6,0,1583678.0,1539844.0
2022-02-12,1538874.0,5,1,2,6,0,1399603.0,1587666.5714285714
2022-02-13,1821279.0,6,1,2,6,0,1786681.0,1607562.4285714286
2022-02-14,1737532.0,0,0,2,7,0,1592651.0,1612505.0
2022-02-15,1541222.0,1,0,2,7,0,1239137.0,1633202.2857142857
2022-02-16,1670550.0,2,0,2,7,0,1390835.0,1676357.2857142857
2022-02-17,1986581.0,3,0,2,7,0,1786323.0,1716316.5714285714
2022-02-18,2244042.0,4,0,2,7,0,1918436.0,1744924.857142857
2022-02-19,1826833.0,5,1,2,7,1,1538874.0,1791440.0
2022-02-20,2068827.0,6,1,2,7,1,1821279.0,1832577.0
2022-02-21,2222002.0,0,0,2,8,1,1737532.0,1867941.0
2022-02-22,1785417.0,1,0,2,8,1,1541222.0,1937151.0
2022-02-23,1755527.0,2,0,2,8,1,1670550.0,1972036.0
2022-02-24,1988432.0,3,0,2,8,0,1986581.0,1984175.5714285714
2022-02-25,2104233.0,4,0,2,8,0,2244042.0,1984440.0
2022-02-26,1842536.0,5,1,2,8,0,1826833.0,1964467.2857142857
2022-02-27,2150118.0,6,1,2,8,0,2068827.0,1966710.5714285714
2022-02-28,1984773.0,0,0,2,9,0,2222002.0,1978323.5714285714
2022-03-01,1638699.0,1,0,3,9,0,1785417.0,1944433.7142857143
2022-03-02,1740923.0,2,0,3,9,0,1755527.0,1923474.0
2022-03-03,2053525.0,3,0,3,9,0,1988432.0,1921387.7142857143
2022-03-04,2139036.0,4,0,3,9,0,2104233.0,1930686.7142857143
2022-03-05,1831741.0,5,1,3,9,0,1842536.0,1935658.5714285714
2022-03-06,2184096.0,6,1,3,9,0,2150118.0,1934116.4285714286
2022-03-07,2019553.0,0,0,3,10,0,1984773.0,1938970.4285714286
2022-03-08,1657723.0,1,0,3,10,0,1638699.0,1943939.0
2022-03-09,1850986.0,2,0,3,10,0,1740923.0,1946656.7142857143
2022-03-10,2185904.0,3,0,3,10,0,2053525.0,1962380.0
2022-03-11,2299583.0,4,0,3,10,0,2139036.0,1981291.2857142857
2022-03-12,1998129.0,5,1,3,10,0,1831741.0,2004226.5714285714
2022-03-13,2293374.0,6,1,3,10,0,2184096.0,2027996.2857142857
2022-03-14,2203639.0,0,0,3,11,0,2019553.0,2043607.4285714286
2022-03-15,1870647.0,1,0,3,11,0,1657723.0,2069905.4285714286
2022-03-16,2000210.0,2,0,3,11,0,1850986.0,2100323.1428571427
2022-03-17,2231375.0,3,0,3,11,0,2185904.0,2121640.8571428573
2022-03-18,2319876.0,4,0,3,11,0,2299583.0,2128136.714285714
2022-03-19,2108715.0,5,1,3,11,0,1998129.0,2131035.714285714
2022-03-20,2379182.0,6,1,3,11,0,2293374.0,2146833.714285714
2022-03-21,2177240.0,0,0,3,12,0,2203639.0,2159092.0
2022-03-22,1859077.0,1,0,3,12,0,1870647.0,2155320.714285714
2022-03-23,1971979.0,2,0,3,12,0,2000210.0,2153667.8571428573
2022-03-24,2255090.0,3,0,3,12,0,2231375.0,2149634.8571428573
2022-03-25,2304825.0,4,0,3,12,0,2319876.0,2153022.714285714
2022-03-26,2022231.0,5,1,3,12,0,2108715.0,2150872.5714285714
2022-03-27,2313481.0,6,1,3,12,0,2379182.0,2138517.714285714
2022-03-28,2141002.0,0,0,3,13,0,2177240.0,2129131.8571428573
2022-03-29,1747597.0,1,0,3,13,0,1859077.0,2123955.0
2022-03-30,1887509.0,2,0,3,13,0,1971979.0,2108029.285714286
2022-03-31,2219675.0,3,0,3,13,0,2255090.0,2095962.142857143
2022-04-01,2287653.0,4,0,4,13,0,2304825.0,2090902.857142857
2022-04-02,1922516.0,5,1,4,13,0,2022231.0,2088449.7142857143
2022-04-03,2206569.0,6,1,4,13,0,2313481.0,2074204.7142857143
2022-04-04,2141153.0,0,0,4,14,0,2141002.0,2058931.5714285714
2022-04-05,1850647.0,1,0,4,14,0,1747597.0,2058953.142857143
2022-04-06,1982006.0,2,0,4,14,0,1887509.0,2073674.5714285714
2022-04-07,2227151.0,3,0,4,14,0,2219675.0,2087174.142857143
2022-04-08,2327849.0,4,0,4,14,0,2287653.0,2088242.142857143
2022-04-09,1959523.0,5,1,4,14,0,1922516.0,2093984.4285714286
2022-04-10,2300909.0,6,1,4,14,0,2206569.0,2099271.1428571427
2022-04-11,2188196.0,0,0,4,15,0,2141153.0,2112748.285714286
2022-04-12,1883285.0,1,0,4,15,0,1850647.0,2119468.714285714
2022-04-13,2053892.0,2,0,4,15,0,1982006.0,2124131.285714286
2022-04-14,2354474.0,3,0,4,15,0,2227151.0,2134400.714285714
2022-04-15,2315430.0,4,0,4,15,0,2327849.0,2152589.714285714
2022-04-16,1903886.0,5,1,4,15,0,1959523.0,2150815.5714285714
2022-04-17,2214376.0,6,1,4,15,0,2300909.0,2142867.4285714286
2022-04-18,2292729.0,0,0,4,16,0,2188196.0,2130505.5714285714
2022-04-19,1988681.0,1,0,4,16,0,1883285.0,2145438.8571428573
2022-04-20,2034403.0,2,0,4,16,0,2053892.0,2160495.4285714286
2022-04-21,2288508.0,3,0,4,16,0,2354474.0,2157711.285714286
2022-04-22,2309474.0,4,0,4,16,0,2315430.0,2148287.5714285714
2022-04-23,1915707.0,5,1,4,16,0,1903886.0,2147436.714285714
2022-04-24,2298561.0,6,1,4,16,0,2214376.0,2149125.4285714286
2022-04-25,2189296.0,0,0,4,17,0,2292729.0,2161151.8571428573
2022-04-26,1870392.0,1,0,4,17,0,1988681.0,2146375.714285714
2022-04-27,1999806.0,2,0,4,17,0,2034403.0,2129477.285714286
2022-04-28,2267171.0,3,0,4,17,0,2288508.0,2124534.8571428573
2022-04-29,2286852.0,4,0,4,17,0,2309474.0,2121486.714285714
2022-04-30,1885701.0,5,1,4,17,0,1915707.0,2118255.0
2022-05-01,2279287.0,6,1,5,17,0,2298561.0,2113968.4285714286
2022-05-02,2146993.0,0,0,5,18,0,2189296.0,2111215.0
2022-05-03,1827782.0,1,0,5,18,0,1870392.0,2105171.714285714
2022-05-04,1962832.0,2,0,5,18,0,1999806.0,2099084.5714285714
2022-05-05,2240816.0,3,0,5,18,0,2267171.0,2093802.5714285714
2022-05-06,2292080.0,4,0,5,18,0,2286852.0,2090037.5714285714
2022-05-07,1884883.0,5,1,5,18,0,1885701.0,2090784.4285714286
2022-05-08,2255547.0,6,1,5,18,0,2279287.0,2090667.5714285714
2022-05-09,2244645.0,0,0,5,19,0,2146993.0,2087276.142857143
2022-05-10,1908906.0,1,0,5,19,0,1827782.0,2101226.4285714286
2022-05-11,2030630.0,2,0,5,19,0,1962832.0,2112815.5714285714
2022-05-12,2337876.0,3,0,5,19,0,2240816.0,2122501.0
2022-05-13,2358444.0,4,0,5,19,0,2292080.0,2136366.714285714
2022-05-14,1984654.0,5,1,5,19,0,1884883.0,2145847.285714286
2022-05-15,2399801.0,6,1,5,19,0,2255547.0,2160100.285714286
2022-05-16,2282944.0,0,0,5,20,0,2244645.0,2180708.0
2022-05-17,2042144.0,1,0,5,20,0,1908906.0,2186179.285714286
2022-05-18,2117010.0,2,0,5,20,0,2030630.0,2205213.285714286
2022-05-19,2366865.0,3,0,5,20,0,2337876.0,2217553.285714286
2022-05-20,2356404.0,4,0,5,20,0,2358444.0,2221694.5714285714
2022-05-21,1999651.0,5,1,5,20,0,1984654.0,2221403.1428571427
2022-05-22,2364240.0,6,1,5,20,0,2399801.0,2223545.5714285714
2022-05-23,2339945.0,0,0,5,21,0,2282944.0,2218465.4285714286
2022-05-24,2034843.0,1,0,5,21,0,2042144.0,2226608.4285714286
2022-05-25,2165771.0,2,0,5,21,0,2117010.0,2225565.4285714286
2022-05-26,2399579.0,3,0,5,21,0,2366865.0,2232531.285714286
2022-05-27,2397928.0,4,0,5,21,0,2356404.0,2237204.714285714
2022-05-28,2000335.0,5,1,5,21,1,1999651.0,2243136.714285714
2022-05-29,2103022.0,6,1,5,21,1,2364240.0,2243234.4285714286
2022-05-30,2319237.0,0,0,5,22,1,2339945.0,2205917.5714285714
2022-05-31,2114935.0,1,0,5,22,1,2034843.0,2202959.285714286
2022-06-01,2023231.0,2,0,6,22,1,2165771.0,2214401.0
2022-06-02,2228271.0,3,0,6,22,0,2399579.0,2194038.1428571427
2022-06-03,2347283.0,4,0,6,22,0,2397928.0,2169565.5714285714
2022-06-04,1992251.0,5,1,6,22,0,2000335.0,2162330.5714285714
2022-06-05,2396442.0,6,1,6,22,0,2103022.0,2161175.714285714
2022-06-06,2286429.0,0,0,6,23,0,2319237.0,2203092.8571428573
2022-06-07,2067274.0,1,0,6,23,0,2114935.0,2198406.0
2022-06-08,2175579.0,2,0,6,23,0,2023231.0,2191597.285714286
2022-06-09,2396538.0,3,0,6,23,0,2228271.0,2213361.285714286
2022-06-10,2443671.0,4,0,6,23,0,2347283.0,2237399.4285714286
2022-06-11,2153865.0,5,1,6,23,0,1992251.0,2251169.1428571427
2022-06-12,2456971.0,6,1,6,23,0,2396442.0,2274256.8571428573
2022-06-13,2389152.0,0,0,6,24,0,2286429.0,2282903.8571428573
2022-06-14,2139865.0,1,0,6,24,0,2067274.0,2297578.5714285714
2022-06-15,2238873.0,2,0,6,24,0,2175579.0,2307948.714285714
2022-06-16,2387496.0,3,0,6,24,0,2396538.0,2316990.714285714
2022-06-17,2454485.0,4,0,6,24,0,2443671.0,2315699.0
2022-06-18,2186387.0,5,1,6,24,1,2153865.0,2317243.8571428573
2022-06-19,2398687.0,6,1,6,24,1,2456971.0,2321889.8571428573
2022-06-20,2431925.0,0,0,6,25,1,2389152.0,2313563.5714285714
2022-06-21,2158912.0,1,0,6,25,1,2139865.0,2319674.0
2022-06-22,2197876.0,2,0,6,25,1,2238873.0,2322395.0
2022-06-23,2453936.0,3,0,6,25,0,2387496.0,2316538.285714286
2022-06-24,2471808.0,4,0,6,25,0,2454485.0,2326029.714285714
2022-06-25,2198435.0,5,1,6,25,0,2186387.0,2328504.4285714286
2022-06-26,2469720.0,6,1,6,25,0,2398687.0,2330225.5714285714
2022-06-27,2374892.0,0,0,6,26,0,2431925.0,2340373.1428571427
2022-06-28,2147125.0,1,0,6,26,0,2158912.0,2332225.5714285714
2022-06-29,2237932.0,2,0,6,26,0,2197876.0,2330541.714285714
2022-06-30,2455588.0,3,0,6,26,0,2453936.0,2336264.0
2022-07-01,2501366.0,4,0,7,26,0,2471808.0,2336500.0
2022-07-02,2169068.0,5,1,7,26,1,2198435.0,2340722.5714285714
2022-07-03,2102878.0,6,1,7,26,1,2469720.0,2336527.285714286
2022-07-04,2086854.0,0,0,7,27,1,2374892.0,2284121.285714286
2022-07-05,2209031.0,1,0,7,27,1,2147125.0,2242973.0
2022-07-06,2136035.0,2,0,7,27,1,2237932.0,2251816.714285714
2022-07-07,2245980.0,3,0,7,27,0,2455588.0,2237260.0
2022-07-08,2288984.0,4,0,7,27,0,2501366.0,2207316.0
2022-07-09,2145996.0,5,1,7,27,0,2169068.0,2176975.714285714
2022-07-10,2443836.0,6,1,7,27,0,2102878.0,2173679.714285714
2022-07-11,2318551.0,0,0,7,28,0,2086854.0,2222388.0
2022-07-12,2072335.0,1,0,7,28,0,2209031.0,2255487.5714285714
2022-07-13,2188234.0,2,0,7,28,0,2136035.0,2235959.5714285714
2022-07-14,2402480.0,3,0,7,28,0,2245980.0,2243416.5714285714
2022-07-15,2449536.0,4,0,7,28,0,2288984.0,2265773.714285714
2022-07-16,2196011.0,5,1,7,28,0,2145996.0,2288709.714285714
2022-07-17,2453236.0,6,1,7,28,0,2443836.0,2295854.714285714
2022-07-18,2363728.0,0,0,7,29,0,2318551.0,2297197.5714285714
2022-07-19,2142454.0,1,0,7,29,0,2072335.0,2303651.4285714286
2022-07-20,2226450.0,2,0,7,29,0,2188234.0,2313668.4285714286
2022-07-21,2440027.0,3,0,7,29,0,2402480.0,2319127.8571428573
2022-07-22,2464194.0,4,0,7,29,0,2449536.0,2324491.714285714
2022-07-23,2190483.0,5,1,7,29,0,2196011.0,2326585.714285714
2022-07-24,2494885.0,6,1,7,29,0,2453236.0,2325796.0
2022-07-25,2386005.0,0,0,7,30,0,2363728.0,2331745.8571428573
2022-07-26,2146087.0,1,0,7,30,0,2142454.0,2334928.285714286
2022-07-27,2238047.0,2,0,7,30,0,2226450.0,2335447.285714286
2022-07-28,2414062.0,3,0,7,30,0,2440027.0,2337104.0
2022-07-29,2464079.0,4,0,7,30,0,2464194.0,2333394.714285714
2022-07-30,2211091.0,5,1,7,30,0,2190483.0,2333378.285714286
2022-07-31,2486969.0,6,1,7,30,0,2494885.0,2336322.285714286
2022-08-01,2373400.0,0,0,8,31,0,2386005.0,2335191.4285714286
2022-08-02,2053497.0,1,0,8,31,0,2146087.0,2333390.714285714
2022-08-03,2117390.0,2,0,8,31,0,2238047.0,2320163.5714285714
2022-08-04,2360671.0,3,0,8,31,0,2414062.0,2302926.8571428573
2022-08-05,2406372.0,4,0,8,31,0,2464079.0,2295299.5714285714
2022-08-06,2178405.0,5,1,8,31,0,2211091.0,2287055.714285714
2022-08-07,2438788.0,6,1,8,31,0,2486969.0,2282386.285714286
2022-08-08,2340305.0,0,0,8,32,0,2373400.0,2275503.285714286
2022-08-09,2049473.0,1,0,8,32,0,2053497.0,2270775.4285714286
2022-08-10,2112967.0,2,0,8,32,0,2117390.0,2270200.5714285714
2022-08-11,2340082.0,3,0,8,32,0,2360671.0,2269568.714285714
2022-08-12,2361142.0,4,0,8,32,0,2406372.0,2266627.4285714286
2022-08-13,2058033.0,5,1,8,32,0,2178405.0,2260166.0
2022-08-14,2360307.0,6,1,8,32,0,2438788.0,2242970.0
2022-08-15,2276507.0,0,0,8,33,0,2340305.0,2231758.4285714286
2022-08-16,2016730.0,1,0,8,33,0,2049473.0,2222644.4285714286
2022-08-17,2051652.0,2,0,8,33,0,2112967.0,2217966.8571428573
2022-08-18,2335005.0,3,0,8,33,0,2340082.0,2209207.5714285714
2022-08-19,2358565.0,4,0,8,33,0,2361142.0,2208482.285714286
2022-08-20,2014843.0,5,1,8,33,0,2058033.0,2208114.1428571427
2022-08-21,2348153.0,6,1,8,33,0,2360307.0,2201944.1428571427
2022-08-22,2260555.0,0,0,8,34,0,2276507.0,2200207.8571428573
2022-08-23,1960482.0,1,0,8,34,0,2016730.0,2197929.0
2022-08-24,1997252.0,2,0,8,34,0,2051652.0,2189893.5714285714
2022-08-25,2263665.0,3,0,8,34,0,2335005.0,2182122.1428571427
2022-08-26,2284831.0,4,0,8,34,0,2358565.0,2171930.714285714
2022-08-27,1888903.0,5,1,8,34,0,2014843.0,2161397.285714286
2022-08-28,2319869.0,6,1,8,34,0,2348153.0,2143405.8571428573
2022-08-29,2100205.0,0,0,8,35,0,2260555.0,2139365.285714286
2022-08-30,1768473.0,1,0,8,35,0,1960482.0,2116458.1428571427
2022-08-31,2009736.0,2,0,8,35,0,1997252.0,2089028.2857142857
2022-09-01,2324033.0,3,0,9,35,0,2263665.0,2090811.7142857143
2022-09-02,2479578.0,4,0,9,35,0,2284831.0,2099435.714285714
2022-09-03,1903950.0,5,1,9,35,1,1888903.0,2127256.714285714
2022-09-04,1979923.0,6,1,9,35,1,2319869.0,2129406.285714286
2022-09-05,2409938.0,0,0,9,36,1,2100205.0,2080842.5714285714
2022-09-06,2088456.0,1,0,9,36,1,1768473.0,2125090.1428571427
2022-09-07,1835889.0,2,0,9,36,1,2009736.0,2170802.0
2022-09-08,2120200.0,3,0,9,36,0,2324033.0,2145966.714285714
2022-09-09,2224222.0,4,0,9,36,0,2479578.0,2116847.714285714
2022-09-10,1828963.0,5,1,9,36,0,1903950.0,2080368.2857142857
2022-09-11,2340559.0,6,1,9,36,0,1979923.0,2069655.857142857
2022-09-12,2230866.0,0,0,9,37,0,2409938.0,2121175.285714286
2022-09-13,1816435.0,1,0,9,37,0,2088456.0,2095593.5714285714
2022-09-14,1976151.0,2,0,9,37,0,1835889.0,2056733.4285714286
2022-09-15,2357970.0,3,0,9,37,0,2120200.0,2076770.857142857
2022-09-16,2375510.0,4,0,9,37,0,2224222.0,2110738.0
2022-09-17,1888228.0,5,1,9,37,0,1828963.0,2132350.5714285714
2022-09-18,2349493.0,6,1,9,37,0,2340559.0,2140817.0
2022-09-19,2227301.0,0,0,9,38,0,2230866.0,2142093.285714286
2022-09-20,1898568.0,1,0,9,38,0,1816435.0,2141584.0
2022-09-21,1960592.0,2,0,9,38,0,1976151.0,2153317.285714286
2022-09-22,2335489.0,3,0,9,38,0,2357970.0,2151094.5714285714
2022-09-23,2405872.0,4,0,9,38,0,2375510.0,2147883.0
2022-09-24,1914884.0,5,1,9,38,0,1888228.0,2152220.4285714286
2022-09-25,2362292.0,6,1,9,38,0,2349493.0,2156028.4285714286
2022-09-26,2229901.0,0,0,9,39,0,2227301.0,2157856.8571428573
2022-09-27,1842212.0,1,0,9,39,0,1898568.0,2158228.285714286
2022-09-28,1724121.0,2,0,9,39,0,1960592.0,2150177.4285714286
2022-09-29,2000766.0,3,0,9,39,0,2335489.0,2116395.8571428573
2022-09-30,2143343.0,4,0,9,39,0,2405872.0,2068578.2857142857
2022-10-01,1868495.0,5,1,10,39,0,1914884.0,2031074.142857143
2022-10-02,2279898.0,6,1,10,39,0,2362292.0,2024447.142857143
2022-10-03,2099505.0,0,0,10,40,0,2229901.0,2012676.5714285714
2022-10-04,1802567.0,1,0,10,40,0,1842212.0,1994048.5714285714
2022-10-05,1996446.0,2,0,10,40,0,1724121.0,1988385.0
2022-10-06,2376101.0,3,0,10,40,0,2000766.0,2027288.5714285714
2022-10-07,2473989.0,4,0,10,40,0,2143343.0,2080907.857142857
2022-10-08,2018002.0,5,1,10,40,1,1868495.0,2128143.0
2022-10-09,2425613.0,6,1,10,40,1,2279898.0,2149501.1428571427
2022-10-10,2330624.0,0,0,10,41,1,2099505.0,2170317.5714285714
2022-10-11,2046661.0,1,0,10,41,1,1802567.0,2203334.5714285714
2022-10-12,2119772.0,2,0,10,41,1,1996446.0,2238205.1428571427
2022-10-13,2413700.0,3,0,10,41,0,2376101.0,2255823.1428571427
2022-10-14,2412403.0,4,0,10,41,0,2473989.0,2261194.4285714286
2022-10-15,2036937.0,5,1,10,41,0,2018002.0,2252396.4285714286
2022-10-16,2475395.0,6,1,10,41,0,2425613.0,2255101.4285714286
2022-10-17,2294755.0,0,0,10,42,0,2330624.0,2262213.1428571427
2022-10-18,2003403.0,1,0,10,42,0,2046661.0,2257089.0
2022-10-19,2110090.0,2,0,10,42,0,2119772.0,2250909.285714286
2022-10-20,2429402.0,3,0,10,42,0,2413700.0,2249526.1428571427
2022-10-21,2375559.0,4,0,10,42,0,2412403.0,2251769.285714286
2022-10-22,2005659.0,5,1,10,42,0,2036937.0,2246505.8571428573
2022-10-23,2416107.0,6,1,10,42,0,2475395.0,2242037.5714285714
2022-10-24,2322585.0,0,0,10,43,0,2294755.0,2233567.8571428573
2022-10-25,1981651.0,1,0,10,43,0,2003403.0,2237543.5714285714
2022-10-26,2057463.0,2,0,10,43,0,2110090.0,2234436.1428571427
2022-10-27,2310460.0,3,0,10,43,0,2429402.0,2226918.0
2022-10-28,2312356.0,4,0,10,43,0,2375559.0,2209926.285714286
2022-10-29,1830454.0,5,1,10,43,0,2005659.0,2200897.285714286
2022-10-30,2241429.0,6,1,10,43,0,2416107.0,2175868.0
2022-10-31,1925032.0,0,0,10,44,0,2322585.0,2150914.0
2022-11-01,1978549.0,1,0,11,44,0,1981651.0,2094120.7142857143
2022-11-02,1897396.0,2,0,11,44,0,2057463.0,2093677.5714285714
2022-11-03,2253501.0,3,0,11,44,0,2310460.0,2070810.857142857
2022-11-04,2272855.0,4,0,11,44,0,2312356.0,2062673.857142857
2022-11-05,1924975.0,5,1,11,44,0,1830454.0,2057030.857142857
2022-11-06,2396744.0,6,1,11,44,0,2241429.0,2070533.857142857
2022-11-07,2168053.0,0,0,11,45,0,1925032.0,2092721.7142857143
2022-11-08,1896916.0,1,0,11,45,0,1978549.0,2127439.0
2022-11-09,1945183.0,2,0,11,45,1,1897396.0,2115777.1428571427
2022-11-10,2203214.0,3,0,11,45,1,2253501.0,2122603.8571428573
2022-11-11,2309163.0,4,0,11,45,1,2272855.0,2115420.0
2022-11-12,1945373.0,5,1,11,45,1,1924975.0,2120606.8571428573
2022-11-13,2411406.0,6,1,11,45,1,2396744.0,2123520.8571428573
2022-11-14,2229804.0,0,0,11,46,0,2168053.0,2125615.4285714286
2022-11-15,1892613.0,1,0,11,46,0,1896916.0,2134437.0
2022-11-16,2034880.0,2,0,11,46,0,1945183.0,2133822.285714286
2022-11-17,2326100.0,3,0,11,46,0,2203214.0,2146636.1428571427
2022-11-18,2458089.0,4,0,11,46,0,2309163.0,2164191.285714286
2022-11-19,2214717.0,5,1,11,46,0,1945373.0,2185466.4285714286
2022-11-20,2385400.0,6,1,11,46,0,2411406.0,2223944.1428571427
2022-11-21,2201022.0,0,0,11,47,0,2229804.0,2220229.0
2022-11-22,2370351.0,1,0,11,47,1,1892613.0,2216117.285714286
2022-11-23,2465337.0,2,0,11,47,1,2034880.0,2284365.5714285714
2022-11-24,1426195.0,3,0,11,47,1,2326100.0,2345859.4285714286
2022-11-25,1984980.0,4,0,11,47,1,2458089.0,2217301.5714285714
2022-11-26,2336633.0,5,1,11,47,1,2214717.0,2149714.5714285714
2022-11-27,2639616.0,6,1,11,47,0,2385400.0,2167131.1428571427
2022-11-28,2389672.0,0,0,11,48,0,2201022.0,2203447.714285714
2022-11-29,1954785.0,1,0,11,48,0,2370351.0,2230397.714285714
2022-11-30,1893497.0,2,0,11,48,0,2465337.0,2171031.1428571427
2022-12-01,2113719.0,3,0,12,48,0,1426195.0,2089339.7142857143
2022-12-02,2132571.0,4,0,12,48,0,1984980.0,2187557.4285714286
2022-12-03,1788666.0,5,1,12,48,0,2336633.0,2208641.8571428573
2022-12-04,2261227.0,6,1,12,48,0,2639616.0,2130360.8571428573
2022-12-05,2134176.0,0,0,12,49,0,2389672.0,2076305.2857142857
2022-12-06,1752091.0,1,0,12,49,0,1954785.0,2039805.857142857
2022-12-07,1883346.0,2,0,12,49,0,1893497.0,2010849.5714285714
2022-12-08,2220053.0,3,0,12,49,0,2113719.0,2009399.4285714286
2022-12-09,2295917.0,4,0,12,49,0,2132571.0,2024590.0
2022-12-10,1886068.0,5,1,12,49,0,1788666.0,2047925.142857143
2022-12-11,2293624.0,6,1,12,49,0,2261227.0,2061839.7142857143
2022-12-12,2167861.0,0,0,12,50,0,2134176.0,2066467.857142857
2022-12-13,1810814.0,1,0,12,50,0,1752091.0,2071280.0
2022-12-14,1993063.0,2,0,12,50,0,1883346.0,2079669.0
2022-12-15,2298485.0,3,0,12,50,0,2220053.0,2095342.857142857
2022-12-16,2453178.0,4,0,12,50,0,2295917.0,2106547.4285714286
2022-12-17,2233861.0,5,1,12,50,0,1886068.0,2129013.285714286
2022-12-18,2357086.0,6,1,12,50,0,2293624.0,2178698.0
2022-12-19,2264761.0,0,0,12,51,0,2167861.0,2187764.0
2022-12-20,2216373.0,1,0,12,51,0,1810814.0,2201606.8571428573
2022-12-21,2428528.0,2,0,12,51,0,1993063.0,2259543.8571428573
2022-12-22,2366608.0,3,0,12,51,0,2298485.0,2321753.1428571427
2022-12-23,2096506.0,4,0,12,51,1,2453178.0,2331485.0
2022-12-24,1834551.0,5,1,12,51,1,2233861.0,2280531.8571428573
2022-12-25,1800463.0,6,1,12,51,1,2357086.0,2223487.5714285714
2022-12-26,2218145.0,0,0,12,52,1,2264761.0,2143970.0
2022-12-27,2178719.0,1,0,12,52,1,2216373.0,2137310.5714285714
2022-12-28,2153682.0,2,0,12,52,1,2428528.0,2131931.4285714286
2022-12-29,2178433.0,3,0,12,52,1,2366608.0,2092667.7142857143
2022-12-30,2383422.0,4,0,12,52,1,2096506.0,2065785.5714285714
2022-12-31,1935413.0,5,1,12,52,1,1834551.0,2106773.5714285714
2023-01-01,2046950.0,6,1,1,52,1,1800463.0,2121182.4285714286
2023-01-02,2368194.0,0,0,1,1,1,2218145.0,2156394.8571428573
2023-01-03,2212528.0,1,0,1,1,1,2178719.0,2177830.4285714286
2023-01-04,1985965.0,2,0,1,1,1,2153682.0,2182660.285714286
2023-01-05,2031976.0,3,0,1,1,0,2178433.0,2158700.714285714
2023-01-06,2043547.0,4,0,1,1,0,2383422.0,2137778.285714286
2023-01-07,1917290.0,5,1,1,1,0,1935413.0,2089224.7142857143
2023-01-08,2226917.0,6,1,1,1,0,2046950.0,2086635.7142857143
2023-01-09,2009868.0,0,0,1,2,0,2368194.0,2112345.285714286
2023-01-10,1678250.0,1,0,1,2,0,2212528.0,2061155.857142857
2023-01-11,1723117.0,2,0,1,2,0,1985965.0,1984830.4285714286
2023-01-12,2189475.0,3,0,1,2,0,2031976.0,1947280.7142857143
2023-01-13,2316713.0,4,0,1,2,0,2043547.0,1969780.5714285714
2023-01-14,1803651.0,5,1,1,2,1,1917290.0,2008804.2857142857
2023-01-15,2038119.0,6,1,1,2,1,2226917.0,1992570.142857143
2023-01-16,2244873.0,0,0,1,3,1,2009868.0,1965599.0
2023-01-17,1803155.0,1,0,1,3,1,1678250.0,1999171.142857143
2023-01-18,1674129.0,2,0,1,3,1,1723117.0,2017014.7142857143
2023-01-19,1997346.0,3,0,1,3,0,2189475.0,2010016.4285714286
2023-01-20,2089417.0,4,0,1,3,0,2316713.0,1982569.4285714286
2023-01-21,1662736.0,5,1,1,3,0,1803651.0,1950098.5714285714
2023-01-22,2141703.0,6,1,1,3,0,2038119.0,1929967.857142857
2023-01-23,1970280.0,0,0,1,4,0,2244873.0,1944765.5714285714
2023-01-24,1567069.0,1,0,1,4,0,1803155.0,1905538.0
2023-01-25,1677909.0,2,0,1,4,0,1674129.0,1871811.4285714286
2023-01-26,2097825.0,3,0,1,4,0,1997346.0,1872351.4285714286
2023-01-27,2122066.0,4,0,1,4,0,2089417.0,1886705.5714285714
2023-01-28,1653401.0,5,1,1,4,0,1662736.0,1891369.7142857143
2023-01-29,2144644.0,6,1,1,4,0,2141703.0,1890036.142857143
2023-01-30,1932983.0,0,0,1,5,0,1970280.0,1890456.2857142857
2023-01-31,1534786.0,1,0,1,5,0,1567069.0,1885128.142857143
2023-02-01,1608110.0,2,0,2,5,0,1677909.0,1880516.2857142857
2023-02-02,2042277.0,3,0,2,5,0,2097825.0,1870545.0
2023-02-03,2102998.0,4,0,2,5,0,2122066.0,1862609.5714285714
2023-02-04,1669806.0,5,1,2,5,0,1653401.0,1859885.5714285714
2023-02-05,2202873.0,6,1,2,5,0,2144644.0,1862229.142857143
2023-02-06,2040256.0,0,0,2,6,0,1932983.0,1870547.5714285714
2023-02-07,1626257.0,1,0,2,6,0,1534786.0,1885872.2857142857
2023-02-08,1796332.0,2,0,2,6,0,1608110.0,1898939.5714285714
2023-02-09,2158573.0,3,0,2,6,0,2042277.0,1925828.4285714286
2023-02-10,2254803.0,4,0,2,6,0,2102998.0,1942442.142857143
2023-02-11,1809116.0,5,1,2,6,0,1669806.0,1964128.5714285714
2023-02-12,2113837.0,6,1,2,6,0,2202873.0,1984030.0
2023-02-13,2073820.0,0,0,2,7,0,2040256.0,1971310.5714285714
2023-02-14,1674639.0,1,0,2,7,0,1626257.0,1976105.4285714286
2023-02-15,2017144.0,2,0,2,7,0,1796332.0,1983017.142857143
2023-02-16,2339970.0,3,0,2,7,0,2158573.0,2014561.7142857143
2023-02-17,2509923.0,4,0,2,7,0,2254803.0,2040475.5714285714
2023-02-18,2065901.0,5,1,2,7,1,1809116.0,2076921.2857142857
2023-02-19,2319072.0,6,1,2,7,1,2113837.0,2113604.8571428573
2023-02-20,2479184.0,0,0,2,8,1,2073820.0,2142924.1428571427
2023-02-21,2116450.0,1,0,2,8,1,1674639.0,2200833.285714286
2023-02-22,2006058.0,2,0,2,8,1,2017144.0,2263949.1428571427
2023-02-23,2322309.0,3,0,2,8,0,2339970.0,2262365.4285714286
2023-02-24,2425335.0,4,0,2,8,0,2509923.0,2259842.4285714286
2023-02-25,2057210.0,5,1,2,8,0,2065901.0,2247758.4285714286
2023-02-26,2402716.0,6,1,2,8,0,2319072.0,2246516.8571428573
2023-02-27,2235417.0,0,0,2,9,0,2479184.0,2258466.0
2023-02-28,1890744.0,1,0,2,9,0,2116450.0,2223642.1428571427
2023-03-01,2066150.0,2,0,3,9,0,2006058.0,2191398.4285714286
2023-03-02,2316735.0,3,0,3,9,0,2322309.0,2199983.0
2023-03-03,2375579.0,4,0,3,9,0,2425335.0,2199186.714285714
2023-03-04,2040488.0,5,1,3,9,0,2057210.0,2192078.714285714
2023-03-05,2422425.0,6,1,3,9,0,2402716.0,2189689.8571428573
2023-03-06,2265014.0,0,0,3,10,0,2235417.0,2192505.4285714286
2023-03-07,1908536.0,1,0,3,10,0,1890744.0,2196733.5714285714
2023-03-08,2130141.0,2,0,3,10,0,2066150.0,2199275.285714286
2023-03-09,2417279.0,3,0,3,10,0,2316735.0,2208416.8571428573
2023-03-10,2562561.0,4,0,3,10,0,2375579.0,2222780.285714286
2023-03-11,2279320.0,5,1,3,10,0,2040488.0,2249492.0
2023-03-12,2539093.0,6,1,3,10,0,2422425.0,2283610.8571428573
2023-03-13,2393346.0,0,0,3,11,0,2265014.0,2300277.714285714
2023-03-14,2026905.0,1,0,3,11,0,1908536.0,2318610.8571428573
2023-03-15,2284299.0,2,0,3,11,0,2130141.0,2335520.714285714
2023-03-16,2483683.0,3,0,3,11,0,2417279.0,2357543.285714286
2023-03-17,2517226.0,4,0,3,11,0,2562561.0,2367029.5714285714
2023-03-18,2278805.0,5,1,3,11,0,2279320.0,2360553.1428571427
2023-03-19,2608462.0,6,1,3,11,0,2539093.0,2360479.5714285714
2023-03-20,2414648.0,0,0,3,12,0,2393346.0,2370389.4285714286
2023-03-21,2038001.0,1,0,3,12,0,2026905.0,2373432.5714285714
2023-03-22,2203488.0,2,0,3,12,0,2284299.0,2375017.714285714
2023-03-23,2451051.0,3,0,3,12,0,2483683.0,2363473.285714286
2023-03-24,2508221.0,4,0,3,12,0,2517226.0,2358811.5714285714
2023-03-25,2208541.0,5,1,3,12,0,2278805.0,2357525.1428571427
2023-03-26,2522600.0,6,1,3,12,0,2608462.0,2347487.4285714286
2023-03-27,2383816.0,0,0,3,13,0,2414648.0,2335221.4285714286
2023-03-28,2039138.0,1,0,3,13,0,2038001.0,2330816.8571428573
2023-03-29,2210676.0,2,0,3,13,0,2203488.0,2330979.285714286
2023-03-30,2487147.0,3,0,3,13,0,2451051.0,2332006.1428571427
2023-03-31,2536088.0,4,0,3,13,0,2508221.0,2337162.714285714
2023-04-01,2253892.0,5,1,4,13,0,2208541.0,2341143.714285714
2023-04-02,2545494.0,6,1,4,13,0,2522600.0,2347622.4285714286
2023-04-03,2404966.0,0,0,4,14,0,2383816.0,2350893.0
2023-04-04,2080546.0,1,0,4,14,0,2039138.0,2353914.4285714286
2023-04-05,2209680.0,2,0,4,14,0,2210676.0,2359829.8571428573
2023-04-06,2532778.0,3,0,4,14,0,2487147.0,2359687.5714285714
2023-04-07,2475896.0,4,0,4,14,0,2536088.0,2366206.285714286
2023-04-08,2093075.0,5,1,4,14,0,2253892.0,2357607.4285714286
2023-04-09,2387558.0,6,1,4,14,0,2545494.0,2334633.5714285714
2023-04-10,2523060.0,0,0,4,15,0,2404966.0,2312071.285714286
2023-04-11,2132314.0,1,0,4,15,0,2080546.0,2328941.8571428573
2023-04-12,2168441.0,2,0,4,15,0,2209680.0,2336337.285714286
2023-04-13,2443213.0,3,0,4,15,0,2532778.0,2330446.0
2023-04-14,2532863.0,4,0,4,15,0,2475896.0,2317651.0
2023-04-15,2150251.0,5,1,4,15,0,2093075.0,2325789.1428571427
2023-04-16,2589787.0,6,1,4,15,0,2387558.0,2333957.1428571427
2023-04-17,2455406.0,0,0,4,16,0,2523060.0,2362847.0
2023-04-18,2070303.0,1,0,4,16,0,2132314.0,2353182.1428571427
2023-04-19,2227164.0,2,0,4,16,0,2168441.0,2344323.4285714286
2023-04-20,2534751.0,3,0,4,16,0,2443213.0,2352712.4285714286
2023-04-21,2585925.0,4,0,4,16,0,2532863.0,2365789.285714286
2023-04-22,2057354.0,5,1,4,16,0,2150251.0,2373369.5714285714
2023-04-23,2570184.0,6,1,4,16,0,2589787.0,2360098.5714285714
2023-04-24,2425693.0,0,0,4,17,0,2455406.0,2357298.1428571427
2023-04-25,2015155.0,1,0,4,17,0,2070303.0,2353053.4285714286
2023-04-26,2183316.0,2,0,4,17,0,2227164.0,2345175.1428571427
2023-04-27,2522454.0,3,0,4,17,0,2534751.0,2338911.1428571427
2023-04-28,2507149.0,4,0,4,17,0,2585925.0,2337154.4285714286
2023-04-29,2021030.0,5,1,4,17,0,2057354.0,2325900.714285714
2023-04-30,2517228.0,6,1,4,17,0,2570184.0,2320711.5714285714
2023-05-01,2432660.0,0,0,5,18,0,2425693.0,2313146.4285714286
2023-05-02,1998688.0,1,0,5,18,0,2015155.0,2314141.714285714
2023-05-03,2167265.0,2,0,5,18,0,2183316.0,2311789.285714286
2023-05-04,2509080.0,3,0,5,18,0,2522454.0,2309496.285714286
2023-05-05,2508503.0,4,0,5,18,0,2507149.0,2307585.714285714
2023-05-06,2043895.0,5,1,5,18,0,2021030.0,2307779.1428571427
2023-05-07,2590391.0,6,1,5,18,0,2517228.0,2311045.5714285714
2023-05-08,2476280.0,0,0,5,19,0,2432660.0,2321497.4285714286
2023-05-09,2089430.0,1,0,5,19,0,1998688.0,2327728.8571428573
2023-05-10,2261499.0,2,0,5,19,0,2167265.0,2340692.0
2023-05-11,2598784.0,3,0,5,19,0,2509080.0,2354154.0
2023-05-12,2605959.0,4,0,5,19,0,2508503.0,2366968.8571428573
2023-05-13,2114178.0,5,1,5,19,0,2043895.0,2380891.1428571427
2023-05-14,2509333.0,6,1,5,19,0,2590391.0,2390931.5714285714
2023-05-15,2597124.0,0,0,5,20,0,2476280.0,2379351.8571428573
2023-05-16,2173966.0,1,0,5,20,0,2089430.0,2396615.285714286
2023-05-17,2312740.0,2,0,5,20,0,2261499.0,2408691.8571428573
2023-05-18,2641296.0,3,0,5,20,0,2598784.0,2416012.0
2023-05-19,2656058.0,4,0,5,20,0,2605959.0,2422085.1428571427
2023-05-20,2213613.0,5,1,5,20,0,2114178.0,2429242.1428571427
2023-05-21,2673457.0,6,1,5,20,0,2509333.0,2443447.1428571427
2023-05-22,2592466.0,0,0,5,21,0,2597124.0,2466893.4285714286
2023-05-23,2272281.0,1,0,5,21,0,2173966.0,2466228.0
2023-05-24,2435811.0,2,0,5,21,0,2312740.0,2480273.0
2023-05-25,2672648.0,3,0,5,21,0,2641296.0,2497854.5714285714
2023-05-26,2744596.0,4,0,5,21,0,2656058.0,2502333.4285714286
2023-05-27,2206475.0,5,1,5,21,1,2213613.0,2514981.714285714
2023-05-28,2257797.0,6,1,5,21,1,2673457.0,2513962.0
2023-05-29,2596978.0,0,0,5,22,1,2592466.0,2454582.0
2023-05-30,2349003.0,1,0,5,22,1,2272281.0,2455226.5714285714
2023-05-31,2259502.0,2,0,5,22,1,2435811.0,2466186.8571428573
2023-06-01,2477726.0,3,0,6,22,0,2672648.0,2440999.8571428573
2023-06-02,2534892.0,4,0,6,22,0,2744596.0,2413153.8571428573
2023-06-03,2221890.0,5,1,6,22,0,2206475.0,2383196.1428571427
2023-06-04,2657217.0,6,1,6,22,0,2257797.0,2385398.285714286
2023-06-05,2560508.0,0,0,6,23,0,2596978.0,2442458.285714286
2023-06-06,2233160.0,1,0,6,23,0,2349003.0,2437248.285714286
2023-06-07,2355913.0,2,0,6,23,0,2259502.0,2420699.285714286
2023-06-08,2641522.0,3,0,6,23,0,2477726.0,2434472.285714286
2023-06-09,2675115.0,4,0,6,23,0,2534892.0,2457871.714285714
2023-06-10,2322170.0,5,1,6,23,0,2221890.0,2477903.5714285714
2023-06-11,2732330.0,6,1,6,23,0,2657217.0,2492229.285714286
2023-06-12,2636399.0,0,0,6,24,0,2560508.0,2502959.714285714
2023-06-13,2343000.0,1,0,6,24,0,2233160.0,2513801.285714286
2023-06-14,2465528.0,2,0,6,24,0,2355913.0,2529492.714285714
2023-06-15,2745743.0,3,0,6,24,0,2641522.0,2545152.0
2023-06-16,2785332.0,4,0,6,24,0,2675115.0,2560040.714285714
2023-06-17,2436004.0,5,1,6,24,1,2322170.0,2575786.0
2023-06-18,2640349.0,6,1,6,24,1,2732330.0,2592048.0
2023-06-19,2742546.0,0,0,6,25,1,2636399.0,2578907.8571428573
2023-06-20,2449389.0,1,0,6,25,1,2343000.0,2594071.714285714
2023-06-21,2502239.0,2,0,6,25,1,2465528.0,2609270.1428571427
2023-06-22,2737829.0,3,0,6,25,0,2745743.0,2614514.5714285714
2023-06-23,2771672.0,4,0,6,25,0,2785332.0,2613384.0
2023-06-24,2456148.0,5,1,6,25,0,2436004.0,2611432.5714285714
2023-06-25,2769270.0,6,1,6,25,0,2640349.0,2614310.285714286
2023-06-26,2687481.0,0,0,6,26,0,2742546.0,2632727.5714285714
2023-06-27,2391503.0,1,0,6,26,0,2449389.0,2624861.1428571427
2023-06-28,2539399.0,2,0,6,26,0,2502239.0,2616591.714285714
2023-06-29,2759141.0,3,0,6,26,0,2737829.0,2621900.285714286
2023-06-30,2884783.0,4,0,6,26,0,2771672.0,2624944.8571428573
2023-07-01,2588334.0,5,1,7,26,0,2456148.0,2641103.5714285714
2023-07-02,2529730.0,6,1,7,26,1,2769270.0,2659987.285714286
2023-07-03,2288645.0,0,0,7,27,1,2687481.0,2625767.285714286
2023-07-04,2007441.0,1,0,7,27,1,2391503.0,2568790.714285714
2023-07-05,2492923.0,2,0,7,27,1,2539399.0,2513924.714285714
2023-07-06,2540237.0,3,0,7,27,1,2759141.0,2507285.285714286
2023-07-07,2555001.0,4,0,7,27,0,2884783.0,2476013.285714286
2023-07-08,2431155.0,5,1,7,27,0,2588334.0,2428901.5714285714
2023-07-09,2644639.0,6,1,7,27,0,2529730.0,2406447.4285714286
2023-07-10,2688266.0,0,0,7,28,0,2288645.0,2422863.0
2023-07-11,2382030.0,1,0,7,28,0,2007441.0,2479951.714285714
2023-07-12,2458378.0,2,0,7,28,0,2492923.0,2533464.4285714286
2023-07-13,2726021.0,3,0,7,28,0,2540237.0,2528529.4285714286
2023-07-14,2738461.0,4,0,7,28,0,2555001.0,2555070.0
2023-07-15,2486503.0,5,1,7,28,0,2431155.0,2581278.5714285714
2023-07-16,2741762.0,6,1,7,28,0,2644639.0,2589185.4285714286
2023-07-17,2747357.0,0,0,7,29,0,2688266.0,2603060.1428571427
2023-07-18,2410972.0,1,0,7,29,0,2382030.0,2611501.714285714
2023-07-19,2519328.0,2,0,7,29,0,2458378.0,2615636.285714286
2023-07-20,2754386.0,3,0,7,29,0,2726021.0,2624343.4285714286
2023-07-21,2782146.0,4,0,7,29,0,2738461.0,2628395.5714285714
2023-07-22,2485646.0,5,1,7,29,0,2486503.0,2634636.285714286
2023-07-23,2800368.0,6,1,7,29,0,2741762.0,2634513.8571428573
2023-07-24,2695657.0,0,0,7,30,0,2747357.0,2642886.1428571427
2023-07-25,2358536.0,1,0,7,30,0,2410972.0,2635500.4285714286
2023-07-26,2510210.0,2,0,7,30,0,2519328.0,2628009.5714285714
2023-07-27,2724438.0,3,0,7,30,0,2754386.0,2626707.0
2023-07-28,2787676.0,4,0,7,30,0,2782146.0,2622428.714285714
2023-07-29,2457943.0,5,1,7,30,0,2485646.0,2623218.714285714
2023-07-30,2815068.0,6,1,7,30,0,2800368.0,2619261.1428571427
2023-07-31,2697794.0,0,0,7,31,0,2695657.0,2621361.1428571427
2023-08-01,2370591.0,1,0,8,31,0,2358536.0,2621666.4285714286
2023-08-02,2431864.0,2,0,8,31,0,2510210.0,2623388.5714285714
2023-08-03,2671674.0,3,0,8,31,0,2724438.0,2612196.285714286
2023-08-04,2690858.0,4,0,8,31,0,2787676.0,2604658.5714285714
2023-08-05,2403611.0,5,1,8,31,0,2457943.0,2590827.4285714286
2023-08-06,2743779.0,6,1,8,31,0,2815068.0,2583065.714285714
2023-08-07,2602015.0,0,0,8,32,0,2697794.0,2572881.5714285714
2023-08-08,2387917.0,1,0,8,32,0,2370591.0,2559198.8571428573
2023-08-09,2407319.0,2,0,8,32,0,2431864.0,2561674.0
2023-08-10,2654716.0,3,0,8,32,0,2671674.0,2558167.5714285714
2023-08-11,2648556.0,4,0,8,32,0,2690858.0,2555745.0
2023-08-12,2322724.0,5,1,8,32,0,2403611.0,2549701.8571428573
2023-08-13,2684914.0,6,1,8,32,0,2743779.0,2538146.5714285714
2023-08-14,2548291.0,0,0,8,33,0,2602015.0,2529737.285714286
2023-08-15,2266285.0,1,0,8,33,0,2387917.0,2522062.4285714286
2023-08-16,2298936.0,2,0,8,33,0,2407319.0,2504686.4285714286
2023-08-17,2599098.0,3,0,8,33,0,2654716.0,2489203.1428571427
2023-08-18,2601291.0,4,0,8,33,0,2648556.0,2481257.714285714
2023-08-19,2252655.0,5,1,8,33,0,2322724.0,2474505.5714285714
2023-08-20,2535369.0,6,1,8,33,0,2684914.0,2464495.714285714
2023-08-21,2487458.0,0,0,8,34,0,2548291.0,2443132.1428571427
2023-08-22,2101467.0,1,0,8,34,0,2266285.0,2434441.714285714
2023-08-23,2169394.0,2,0,8,34,0,2298936.0,2410896.285714286
2023-08-24,2501995.0,3,0,8,34,0,2599098.0,2392390.285714286
2023-08-25,2509342.0,4,0,8,34,0,2601291.0,2378518.4285714286
2023-08-26,2063356.0,5,1,8,34,0,2252655.0,2365382.8571428573
2023-08-27,2538318.0,6,1,8,34,0,2535369.0,2338340.1428571427
2023-08-28,2349783.0,0,0,8,35,0,2487458.0,2338761.4285714286
2023-08-29,1888361.0,1,0,8,35,0,2101467.0,2319093.5714285714
2023-08-30,2014332.0,2,0,8,35,0,2169394.0,2288649.8571428573
2023-08-31,2619753.0,3,0,8,35,0,2501995.0,2266498.1428571427
2023-09-01,2742962.0,4,0,9,35,0,2509342.0,2283320.714285714
2023-09-02,2090550.0,5,1,9,35,1,2063356.0,2316695.0
2023-09-03,2081144.0,6,1,9,35,1,2538318.0,2320579.8571428573
2023-09-04,2645012.0,0,0,9,36,1,2349783.0,2255269.285714286
2023-09-05,2243518.0,1,0,9,36,1,1888361.0,2297444.8571428573
2023-09-06,1966818.0,2,0,9,36,1,2014332.0,2348181.5714285714
2023-09-07,2283466.0,3,0,9,36,0,2619753.0,2341393.8571428573
2023-09-08,2405867.0,4,0,9,36,0,2742962.0,2293352.8571428573
2023-09-09,1986960.0,5,1,9,36,0,2090550.0,2245196.4285714286
2023-09-10,2584116.0,6,1,9,36,0,2081144.0,2230397.8571428573
2023-09-11,2402206.0,0,0,9,37,0,2645012.0,2302251.0
2023-09-12,1991959.0,1,0,9,37,0,2243518.0,2267564.4285714286
2023-09-13,2113134.0,2,0,9,37,0,1966818.0,2231627.4285714286
2023-09-14,2594681.0,3,0,9,37,0,2283466.0,2252529.714285714
2023-09-15,2583450.0,4,0,9,37,0,2405867.0,2296989.0
2023-09-16,1978051.0,5,1,9,37,0,1986960.0,2322358.0
2023-09-17,2648872.0,6,1,9,37,0,2584116.0,2321085.285714286
2023-09-18,2495564.0,0,0,9,38,0,2402206.0,2330336.1428571427
2023-09-19,1992774.0,1,0,9,38,0,1991959.0,2343673.0
2023-09-20,2207680.0,2,0,9,38,0,2113134.0,2343789.4285714286
2023-09-21,2651017.0,3,0,9,38,0,2594681.0,2357296.0
2023-09-22,2684773.0,4,0,9,38,0,2583450.0,2365344.0
2023-09-23,2065137.0,5,1,9,38,0,1978051.0,2379818.714285714
2023-09-24,2673136.0,6,1,9,38,0,2648872.0,2392259.5714285714
2023-09-25,2543611.0,0,0,9,39,0,2495564.0,2395725.8571428573
2023-09-26,2058961.0,1,0,9,39,0,1992774.0,2402589.714285714
2023-09-27,2138667.0,2,0,9,39,0,2207680.0,2412045.0
2023-09-28,2616213.0,3,0,9,39,0,2651017.0,2402186.0
2023-09-29,2602713.0,4,0,9,39,0,2684773.0,2397214.0
2023-09-30,2140656.0,5,1,9,39,0,2065137.0,2385491.1428571427
2023-10-01,2682443.0,6,1,10,39,0,2673136.0,2396279.5714285714
2023-10-02,2473560.0,0,0,10,40,0,2543611.0,2397609.1428571427
2023-10-03,2001087.0,1,0,10,40,0,2058961.0,2387601.8571428573
2023-10-04,2213969.0,2,0,10,40,0,2138667.0,2379334.1428571427
2023-10-05,2697601.0,3,0,10,40,0,2616213.0,2390091.5714285714
2023-10-06,2762717.0,4,0,10,40,0,2602713.0,2401718.4285714286
2023-10-07,2232660.0,5,1,10,40,1,2140656.0,2424576.1428571427
2023-10-08,2690153.0,6,1,10,40,1,2682443.0,2437719.5714285714
2023-10-09,2681432.0,0,0,10,41,1,2473560.0,2438821.0
2023-10-10,2293858.0,1,0,10,41,1,2001087.0,2468517.0
2023-10-11,2372544.0,2,0,10,41,1,2213969.0,2510341.4285714286
2023-10-12,2717399.0,3,0,10,41,0,2697601.0,2532995.0
2023-10-13,2673246.0,4,0,10,41,0,2762717.0,2535823.285714286
2023-10-14,2226278.0,5,1,10,41,0,2232660.0,2523041.714285714
2023-10-15,2797326.0,6,1,10,41,0,2690153.0,2522130.0
2023-10-16,2627942.0,0,0,10,42,0,2681432.0,2537440.4285714286
2023-10-17,2213819.0,1,0,10,42,0,2293858.0,2529799.0
2023-10-18,2333408.0,2,0,10,42,0,2372544.0,2518364.8571428573
2023-10-19,2695224.0,3,0,10,42,0,2717399.0,2512774.0
2023-10-20,2672262.0,4,0,10,42,0,2673246.0,2509606.1428571427
2023-10-21,2161735.0,5,1,10,42,0,2226278.0,2509465.5714285714
2023-10-22,2770224.0,6,1,10,42,0,2797326.0,2500245.1428571427
2023-10-23,2607835.0,0,0,10,43,0,2627942.0,2496373.4285714286
2023-10-24,2138741.0,1,0,10,43,0,2213819.0,2493501.0
2023-10-25,2251047.0,2,0,10,43,0,2333408.0,2482775.5714285714
2023-10-26,2630523.0,3,0,10,43,0,2695224.0,2471009.714285714
2023-10-27,2615422.0,4,0,10,43,0,2672262.0,2461766.714285714
2023-10-28,2015907.0,5,1,10,43,0,2161735.0,2453646.714285714
2023-10-29,2520086.0,6,1,10,43,0,2770224.0,2432814.1428571427
2023-10-30,2292796.0,0,0,10,44,0,2607835.0,2397080.1428571427
2023-10-31,1665839.0,1,0,10,44,0,2138741.0,2352074.5714285714
2023-11-01,2157473.0,2,0,11,44,0,2251047.0,2284517.1428571427
2023-11-02,2415581.0,3,0,11,44,0,2630523.0,2271149.4285714286
2023-11-03,2502391.0,4,0,11,44,0,2615422.0,2240443.4285714286
2023-11-04,2045614.0,5,1,11,44,0,2015907.0,2224296.1428571427
2023-11-05,2669284.0,6,1,11,44,0,2520086.0,2228540.0
2023-11-06,2491545.0,0,0,11,45,0,2292796.0,2249854.0
2023-11-07,2019225.0,1,0,11,45,0,1665839.0,2278246.714285714
2023-11-08,2209479.0,2,0,11,45,1,2157473.0,2328730.4285714286
2023-11-09,2658959.0,3,0,11,45,1,2415581.0,2336159.8571428573
2023-11-10,2591818.0,4,0,11,45,1,2502391.0,2370928.1428571427
2023-11-11,2025517.0,5,1,11,45,1,2045614.0,2383703.4285714286
2023-11-12,2683745.0,6,1,11,45,1,2669284.0,2380832.4285714286
2023-11-13,2533300.0,0,0,11,46,1,2491545.0,2382898.285714286
2023-11-14,2035761.0,1,0,11,46,0,2019225.0,2388863.285714286
2023-11-15,2224646.0,2,0,11,46,0,2209479.0,2391225.5714285714
2023-11-16,2550045.0,3,0,11,46,0,2658959.0,2393392.285714286
2023-11-17,2692471.0,4,0,11,46,0,2591818.0,2377833.1428571427
2023-11-18,2379699.0,5,1,11,46,0,2025517.0,2392212.1428571427
2023-11-19,2608680.0,6,1,11,46,0,2683745.0,2442809.5714285714
2023-11-20,2532525.0,0,0,11,47,0,2533300.0,2432086.0
2023-11-21,2647461.0,1,0,11,47,1,2035761.0,2431975.285714286
2023-11-22,2741610.0,2,0,11,47,1,2224646.0,2519361.0
2023-11-23,1547419.0,3,0,11,47,1,2550045.0,2593213.0
2023-11-24,2199057.0,4,0,11,47,1,2692471.0,2449980.714285714
2023-11-25,2605387.0,5,1,11,47,1,2379699.0,2379493.0
2023-11-26,2908785.0,6,1,11,47,0,2608680.0,2411734.1428571427
2023-11-27,2633263.0,0,0,11,48,0,2532525.0,2454606.285714286
2023-11-28,2171943.0,1,0,11,48,0,2647461.0,2468997.4285714286
2023-11-29,1948492.0,2,0,11,48,0,2741610.0,2401066.285714286
2023-11-30,2276703.0,3,0,11,48,0,1547419.0,2287763.714285714
2023-12-01,2308362.0,4,0,12,48,0,2199057.0,2391947.1428571427
2023-12-02,1864999.0,5,1,12,48,0,2605387.0,2407562.1428571427
2023-12-03,2321965.0,6,1,12,48,0,2908785.0,2301792.4285714286
2023-12-04,2266792.0,0,0,12,49,0,2633263.0,2217961.0
2023-12-05,1834118.0,1,0,12,49,0,2171943.0,2165608.0
2023-12-06,1998620.0,2,0,12,49,0,1948492.0,2117347.285714286
2023-12-07,2385629.0,3,0,12,49,0,2276703.0,2124508.4285714286
2023-12-08,2431077.0,4,0,12,49,0,2308362.0,2140069.285714286
2023-12-09,1975896.0,5,1,12,49,0,1864999.0,2157600.0
2023-12-10,2419762.0,6,1,12,49,0,2321965.0,2173442.4285714286
2023-12-11,2313610.0,0,0,12,50,0,2266792.0,2187413.4285714286
2023-12-12,1954074.0,1,0,12,50,0,1834118.0,2194101.714285714
2023-12-13,2129193.0,2,0,12,50,0,1998620.0,2211238.285714286
2023-12-14,2502604.0,3,0,12,50,0,2385629.0,2229891.5714285714
2023-12-15,2622770.0,4,0,12,50,0,2431077.0,2246602.285714286
2023-12-16,2252933.0,5,1,12,50,0,1975896.0,2273987.0
2023-12-17,2495579.0,6,1,12,50,0,2419762.0,2313563.714285714
2023-12-18,2366275.0,0,0,12,51,0,2313610.0,2324394.714285714
2023-12-19,2291458.0,1,0,12,51,0,1954074.0,2331918.285714286
2023-12-20,2514171.0,2,0,12,51,0,2129193.0,2380116.0
2023-12-21,2650811.0,3,0,12,51,0,2502604.0,2435112.8571428573
2023-12-22,2775193.0,4,0,12,51,0,2622770.0,2456285.285714286
2023-12-23,2606577.0,5,1,12,51,1,2252933.0,2478060.0
2023-12-24,1972309.0,6,1,12,51,1,2495579.0,2528580.5714285714
2023-12-25,2028266.0,0,0,12,52,1,2366275.0,2453827.714285714
2023-12-26,2665034.0,1,0,12,52,1,2291458.0,2405540.714285714
2023-12-27,2663517.0,2,0,12,52,1,2514171.0,2458908.714285714
2023-12-28,2633264.0,3,0,12,52,0,2650811.0,2480243.8571428573
2023-12-29,2636605.0,4,0,12,52,0,2775193.0,2477737.1428571427
2023-12-30,2563962.0,5,1,12,52,1,2606577.0,2457938.8571428573
2023-12-31,2116715.0,6,1,12,52,1,1972309.0,2451851.0
2024-01-01,2303507.0,0,0,1,1,1,2028266.0,2472480.4285714286
2024-01-02,2555447.0,1,0,1,1,1,2665034.0,2511800.5714285714
2024-01-03,2418600.0,2,0,1,1,1,2663517.0,2496145.285714286
2024-01-04,2281402.0,3,0,1,1,0,2633264.0,2461157.1428571427
2024-01-05,2279609.0,4,0,1,1,0,2636605.0,2410891.1428571427
2024-01-06,2198958.0,5,1,1,1,0,2563962.0,2359891.714285714
2024-01-07,2380127.0,6,1,1,1,0,2116715.0,2307748.285714286
2024-01-08,2193524.0,0,0,1,2,0,2303507.0,2345378.5714285714
2024-01-09,1774066.0,1,0,1,2,0,2555447.0,2329666.714285714
2024-01-10,1934765.0,2,0,1,2,0,2418600.0,2218040.8571428573
2024-01-11,2300884.0,3,0,1,2,0,2281402.0,2148921.5714285714
2024-01-12,2326842.0,4,0,1,2,0,2279609.0,2151704.714285714
2024-01-13,1914063.0,5,1,1,2,1,2198958.0,2158452.285714286
2024-01-14,2116540.0,6,1,1,2,1,2380127.0,2117753.0
2024-01-15,2214409.0,0,0,1,3,1,2193524.0,2080097.7142857143
2024-01-16,1864219.0,1,0,1,3,1,1774066.0,2083081.2857142857
2024-01-17,1857915.0,2,0,1,3,1,1934765.0,2095960.2857142857
2024-01-18,2104712.0,3,0,1,3,0,2300884.0,2084981.7142857143
2024-01-19,2094212.0,4,0,1,3,0,2326842.0,2056957.142857143
2024-01-20,1753693.0,5,1,1,3,0,1914063.0,2023724.2857142857
2024-01-21,2243155.0,6,1,1,3,0,2116540.0,2000814.2857142857
2024-01-22,2053656.0,0,0,1,4,0,2214409.0,2018902.142857143
2024-01-23,1610765.0,1,0,1,4,0,1864219.0,1995937.4285714286
2024-01-24,1815119.0,2,0,1,4,0,1857915.0,1959729.7142857143
2024-01-25,2232670.0,3,0,1,4,0,2104712.0,1953616.0
2024-01-26,2278406.0,4,0,1,4,0,2094212.0,1971895.7142857143
2024-01-27,1772563.0,5,1,1,4,0,1753693.0,1998209.142857143
2024-01-28,2261245.0,6,1,1,4,0,2243155.0,2000904.857142857
2024-01-29,2077644.0,0,0,1,5,0,2053656.0,2003489.142857143
2024-01-30,1617523.0,1,0,1,5,0,1610765.0,2006916.0
2024-01-31,1817011.0,2,0,1,5,0,1815119.0,2007881.4285714286
2024-02-01,2203945.0,3,0,2,5,0,2232670.0,2008151.7142857143
2024-02-02,2208138.0,4,0,2,5,0,2278406.0,2004048.142857143
2024-02-03,1752024.0,5,1,2,5,0,1772563.0,1994009.857142857
2024-02-04,2281882.0,6,1,2,5,0,2261245.0,1991075.7142857143
2024-02-05,2160140.0,0,0,2,6,0,2077644.0,1994023.857142857
2024-02-06,1695022.0,1,0,2,6,0,1617523.0,2005809.0
2024-02-07,1880126.0,2,0,2,6,0,1817011.0,2016880.2857142857
2024-02-08,2305984.0,3,0,2,6,0,2203945.0,2025896.7142857143
2024-02-09,2369929.0,4,0,2,6,0,2208138.0,2040473.7142857143
2024-02-10,1883035.0,5,1,2,6,0,1752024.0,2063586.7142857143
2024-02-11,2196980.0,6,1,2,6,0,2281882.0,2082302.5714285714
2024-02-12,2283725.0,0,0,2,7,0,2160140.0,2070173.7142857143
2024-02-13,1754659.0,1,0,2,7,0,1695022.0,2087828.7142857143
2024-02-14,2021114.0,2,0,2,7,0,1880126.0,2096348.2857142857
2024-02-15,2515629.0,3,0,2,7,0,2305984.0,2116489.4285714286
2024-02-16,2615463.0,4,0,2,7,0,2369929.0,2146438.714285714
2024-02-17,2159328.0,5,1,2,7,1,1883035.0,2181515.0
2024-02-18,2474646.0,6,1,2,7,1,2196980.0,2220985.4285714286
2024-02-19,2606125.0,0,0,2,8,1,2283725.0,2260652.0
2024-02-20,2206877.0,1,0,2,8,1,1754659.0,2306709.1428571427
2024-02-21,2162956.0,2,0,2,8,1,2021114.0,2371311.714285714
2024-02-22,2513429.0,3,0,2,8,0,2515629.0,2391574.8571428573
2024-02-23,2555082.0,4,0,2,8,0,2615463.0,2391260.5714285714
2024-02-24,2106561.0,5,1,2,8,0,2159328.0,2382634.714285714
2024-02-25,2561682.0,6,1,2,8,0,2474646.0,2375096.5714285714
2024-02-26,2405209.0,0,0,2,9,0,2606125.0,2387530.285714286
2024-02-27,1935225.0,1,0,2,9,0,2206877.0,2358828.0
2024-02-28,2140789.0,2,0,2,9,0,2162956.0,2320020.5714285714
2024-02-29,2551534.0,3,0,2,9,0,2513429.0,2316853.8571428573
2024-03-01,2602686.0,4,0,3,9,0,2555082.0,2322297.4285714286
2024-03-02,2132092.0,5,1,3,9,0,2106561.0,2329098.0
2024-03-03,2566870.0,6,1,3,9,0,2561682.0,2332745.285714286
2024-03-04,2405790.0,0,0,3,10,0,2405209.0,2333486.4285714286
2024-03-05,1983750.0,1,0,3,10,0,1935225.0,2333569.4285714286
2024-03-06,2211599.0,2,0,3,10,0,2140789.0,2340501.5714285714
2024-03-07,2578074.0,3,0,3,10,0,2551534.0,2350617.285714286
2024-03-08,2720377.0,4,0,3,10,0,2602686.0,2354408.714285714
2024-03-09,2342497.0,5,1,3,10,0,2132092.0,2371221.714285714
2024-03-10,2719857.0,6,1,3,10,0,2566870.0,2401279.5714285714
2024-03-11,2563158.0,0,0,3,11,0,2405790.0,2423134.8571428573
2024-03-12,2199126.0,1,0,3,11,0,1983750.0,2445616.0
2024-03-13,2388007.0,2,0,3,11,0,2211599.0,2476384.0
2024-03-14,2568962.0,3,0,3,11,0,2578074.0,2501585.1428571427
2024-03-15,2722855.0,4,0,3,11,0,2720377.0,2500283.4285714286
2024-03-16,2410078.0,5,1,3,11,0,2342497.0,2500637.4285714286
2024-03-17,2734318.0,6,1,3,11,0,2719857.0,2510291.8571428573
2024-03-18,2582796.0,0,0,3,12,0,2563158.0,2512357.714285714
2024-03-19,2205546.0,1,0,3,12,0,2199126.0,2515163.1428571427
2024-03-20,2413710.0,2,0,3,12,0,2388007.0,2516080.285714286
2024-03-21,2690138.0,3,0,3,12,0,2568962.0,2519752.1428571427
2024-03-22,2732493.0,4,0,3,12,0,2722855.0,2537063.0
2024-03-23,2422106.0,5,1,3,12,0,2410078.0,2538439.8571428573
2024-03-24,2755433.0,6,1,3,12,0,2734318.0,2540158.1428571427
2024-03-25,2607498.0,0,0,3,13,0,2582796.0,2543174.5714285714
2024-03-26,2243576.0,1,0,3,13,0,2205546.0,2546703.4285714286
2024-03-27,2462360.0,2,0,3,13,0,2413710.0,2552136.285714286
2024-03-28,2786223.0,3,0,3,13,0,2690138.0,2559086.285714286
2024-03-29,2693787.0,4,0,3,13,0,2732493.0,2572812.714285714
2024-03-30,2320632.0,5,1,3,13,0,2422106.0,2567283.285714286
2024-03-31,2595625.0,6,1,3,13,0,2755433.0,2552787.0
2024-04-01,2658016.0,0,0,4,14,0,2607498.0,2529957.285714286
2024-04-02,2261390.0,1,0,4,14,0,2243576.0,2537174.1428571427
2024-04-03,2266046.0,2,0,4,14,0,2462360.0,2539719.0
2024-04-04,2640572.0,3,0,4,14,0,2786223.0,2511674.1428571427
2024-04-05,2703180.0,4,0,4,14,0,2693787.0,2490866.8571428573
2024-04-06,2324739.0,5,1,4,14,0,2320632.0,2492208.714285714
2024-04-07,2675829.0,6,1,4,14,0,2595625.0,2492795.4285714286
2024-04-08,2487391.0,0,0,4,15,0,2658016.0,2504253.1428571427
2024-04-09,2212961.0,1,0,4,15,0,2261390.0,2479878.1428571427
2024-04-10,2316545.0,2,0,4,15,0,2266046.0,2472959.714285714
2024-04-11,2641708.0,3,0,4,15,0,2640572.0,2480173.8571428573
2024-04-12,2714741.0,4,0,4,15,0,2703180.0,2480336.1428571427
2024-04-13,2180816.0,5,1,4,15,0,2324739.0,2481987.714285714
2024-04-14,2689549.0,6,1,4,15,0,2675829.0,2461427.285714286
2024-04-15,2532672.0,0,0,4,16,0,2487391.0,2463387.285714286
2024-04-16,2148436.0,1,0,4,16,0,2212961.0,2469856.0
2024-04-17,2351694.0,2,0,4,16,0,2316545.0,2460638.1428571427
2024-04-18,2695566.0,3,0,4,16,0,2641708.0,2465659.4285714286
2024-04-19,2722053.0,4,0,4,16,0,2714741.0,2473353.4285714286
2024-04-20,2221738.0,5,1,4,16,0,2180816.0,2474398.0
2024-04-21,2756922.0,6,1,4,16,0,2689549.0,2480244.0
2024-04-22,2579973.0,0,0,4,17,0,2532672.0,2489868.714285714
2024-04-23,2144330.0,1,0,4,17,0,2148436.0,2496626.0
2024-04-24,2308366.0,2,0,4,17,0,2351694.0,2496039.4285714286
2024-04-25,2686172.0,3,0,4,17,0,2695566.0,2489849.714285714
2024-04-26,2675321.0,4,0,4,17,0,2722053.0,2488507.714285714
2024-04-27,2138255.0,5,1,4,17,0,2221738.0,2481831.714285714
2024-04-28,2646469.0,6,1,4,17,0,2756922.0,2469905.5714285714
2024-04-29,2506141.0,0,0,4,18,0,2579973.0,2454126.5714285714
2024-04-30,2151933.0,1,0,4,18,0,2144330.0,2443579.1428571427
2024-05-01,2358798.0,2,0,5,18,0,2308366.0,2444665.285714286
2024-05-02,2648857.0,3,0,5,18,0,2686172.0,2451869.8571428573
2024-05-03,2675921.0,4,0,5,18,0,2675321.0,2446539.1428571427
2024-05-04,2175786.0,5,1,5,18,0,2138255.0,2446624.8571428573
2024-05-05,2717249.0,6,1,5,18,0,2646469.0,2451986.4285714286
2024-05-06,2647929.0,0,0,5,19,0,2506141.0,2462097.8571428573
2024-05-07,2244683.0,1,0,5,19,0,2151933.0,2482353.285714286
2024-05-08,2452419.0,2,0,5,19,0,2358798.0,2495603.285714286
2024-05-09,2797162.0,3,0,5,19,0,2648857.0,2508977.714285714
2024-05-10,2789715.0,4,0,5,19,0,2675921.0,2530164.1428571427
2024-05-11,2295451.0,5,1,5,19,0,2175786.0,2546420.4285714286
2024-05-12,2677001.0,6,1,5,19,0,2717249.0,2563515.4285714286
2024-05-13,2717876.0,0,0,5,20,0,2647929.0,2557765.714285714
2024-05-14,2343094.0,1,0,5,20,0,2244683.0,2567758.1428571427
2024-05-15,2463627.0,2,0,5,20,0,2452419.0,2581816.8571428573
2024-05-16,2807609.0,3,0,5,20,0,2797162.0,2583418.0
2024-05-17,2855596.0,4,0,5,20,0,2789715.0,2584910.4285714286
2024-05-18,2365492.0,5,1,5,20,0,2295451.0,2594322.0
2024-05-19,2843144.0,6,1,5,20,0,2677001.0,2604327.8571428573
2024-05-20,2751841.0,0,0,5,21,0,2717876.0,2628062.5714285714
2024-05-21,2442301.0,1,0,5,21,0,2343094.0,2632914.714285714
2024-05-22,2591593.0,2,0,5,21,0,2463627.0,2647087.1428571427
2024-05-23,2897421.0,3,0,5,21,0,2807609.0,2665368.0
2024-05-24,2951859.0,4,0,5,21,0,2855596.0,2678198.285714286
2024-05-25,2429201.0,5,1,5,21,1,2365492.0,2691950.1428571427
2024-05-26,2413165.0,6,1,5,21,1,2843144.0,2701051.4285714286
2024-05-27,2771700.0,0,0,5,22,1,2751841.0,2639625.8571428573
2024-05-28,2555425.0,1,0,5,22,1,2442301.0,2642462.8571428573
2024-05-29,2446571.0,2,0,5,22,1,2591593.0,2658623.4285714286
2024-05-30,2653600.0,3,0,5,22,0,2897421.0,2637906.0
2024-05-31,2775176.0,4,0,5,22,0,2951859.0,2603074.4285714286
2024-06-01,2415153.0,5,1,6,22,0,2429201.0,2577834.0
2024-06-02,2822822.0,6,1,6,22,0,2413165.0,2575827.1428571427
2024-06-03,2719030.0,0,0,6,23,0,2771700.0,2634349.5714285714
2024-06-04,2397066.0,1,0,6,23,0,2555425.0,2626825.285714286
2024-06-05,2551287.0,2,0,6,23,0,2446571.0,2604202.5714285714
2024-06-06,2829183.0,3,0,6,23,0,2653600.0,2619162.0
2024-06-07,2842268.0,4,0,6,23,0,2775176.0,2644245.285714286
2024-06-08,2499204.0,5,1,6,23,0,2415153.0,2653829.8571428573
2024-06-09,2915830.0,6,1,6,23,0,2822822.0,2665837.1428571427
2024-06-10,2815125.0,0,0,6,24,0,2719030.0,2679124.0
2024-06-11,2487316.0,1,0,6,24,0,2397066.0,2692851.8571428573
2024-06-12,2599257.0,2,0,6,24,0,2551287.0,2705744.714285714
2024-06-13,2859994.0,3,0,6,24,0,2829183.0,2712597.5714285714
2024-06-14,2929467.0,4,0,6,24,0,2842268.0,2716999.1428571427
2024-06-15,2617341.0,5,1,6,24,0,2499204.0,2729456.1428571427
2024-06-16,2858844.0,6,1,6,24,0,2915830.0,2746332.8571428573
2024-06-17,2790851.0,0,0,6,25,1,2815125.0,2738192.0
2024-06-18,2537934.0,1,0,6,25,1,2487316.0,2734724.285714286
2024-06-19,2686866.0,2,0,6,25,1,2599257.0,2741955.4285714286
2024-06-20,2833516.0,3,0,6,25,1,2859994.0,2754471.0
2024-06-21,2873390.0,4,0,6,25,1,2929467.0,2750688.4285714286
2024-06-22,2624783.0,5,1,6,25,0,2617341.0,2742677.4285714286
2024-06-23,2996495.0,6,1,6,25,0,2858844.0,2743740.5714285714
2024-06-24,2944001.0,0,0,6,26,0,2790851.0,2763405.0
2024-06-25,2612478.0,1,0,6,26,0,2537934.0,2785283.5714285714
2024-06-26,2722125.0,2,0,6,26,0,2686866.0,2795932.714285714
2024-06-27,2921687.0,3,0,6,26,0,2833516.0,2800969.714285714
2024-06-28,2938292.0,4,0,6,26,0,2873390.0,2813565.5714285714
2024-06-29,2648476.0,5,1,6,26,0,2624783.0,2822837.285714286
2024-06-30,2835019.0,6,1,6,26,0,2996495.0,2826222.0
2024-07-01,2754690.0,0,0,7,27,0,2944001.0,2803154.0
2024-07-02,2537986.0,1,0,7,27,1,2612478.0,2776109.5714285714
2024-07-03,2786534.0,2,0,7,27,1,2722125.0,2765467.8571428573
2024-07-04,2222431.0,3,0,7,27,1,2921687.0,2774669.1428571427
2024-07-05,2431240.0,4,0,7,27,1,2938292.0,2674775.4285714286
2024-07-06,2617154.0,5,1,7,27,1,2648476.0,2602339.4285714286
2024-07-07,3013622.0,6,1,7,27,0,2835019.0,2597864.8571428573
2024-07-08,2785721.0,0,0,7,28,0,2754690.0,2623379.5714285714
2024-07-09,2580105.0,1,0,7,28,0,2537986.0,2627812.5714285714
2024-07-10,2627735.0,2,0,7,28,0,2786534.0,2633829.5714285714
2024-07-11,2839251.0,3,0,7,28,0,2222431.0,2611144.0
2024-07-12,2829067.0,4,0,7,28,0,2431240.0,2699261.1428571427
2024-07-13,2583704.0,5,1,7,28,0,2617154.0,2756093.5714285714
2024-07-14,2937845.0,6,1,7,28,0,3013622.0,2751315.0
2024-07-15,2860799.0,0,0,7,29,0,2785721.0,2740489.714285714
2024-07-16,2536991.0,1,0,7,29,0,2580105.0,2751215.1428571427
2024-07-17,2641325.0,2,0,7,29,0,2627735.0,2745056.0
2024-07-18,2957170.0,3,0,7,29,0,2839251.0,2746997.4285714286
2024-07-19,2716304.0,4,0,7,29,0,2829067.0,2763843.0
2024-07-20,2606097.0,5,1,7,29,0,2583704.0,2747734.0
2024-07-21,2909267.0,6,1,7,29,0,2937845.0,2750933.0
2024-07-22,2864584.0,0,0,7,30,0,2860799.0,2746850.4285714286
2024-07-23,2603647.0,1,0,7,30,0,2536991.0,2747391.1428571427
2024-07-24,2718954.0,2,0,7,30,0,2641325.0,2756913.4285714286
2024-07-25,2924478.0,3,0,7,30,0,2957170.0,2768003.285714286
2024-07-26,2877017.0,4,0,7,30,0,2716304.0,2763333.0
2024-07-27,2582953.0,5,1,7,30,0,2606097.0,2786292.0
2024-07-28,2922306.0,6,1,7,30,0,2909267.0,2782985.714285714
2024-07-29,2795317.0,0,0,7,31,0,2864584.0,2784848.4285714286
2024-07-30,2437121.0,1,0,7,31,0,2603647.0,2774953.1428571427
2024-07-31,2618705.0,2,0,7,31,0,2718954.0,2751163.714285714
2024-08-01,2871907.0,3,0,8,31,0,2924478.0,2736842.4285714286
2024-08-02,2803445.0,4,0,8,31,0,2877017.0,2729332.285714286
2024-08-03,2555713.0,5,1,8,31,0,2582953.0,2718822.0
2024-08-04,2800099.0,6,1,8,31,0,2922306.0,2714930.5714285714
2024-08-05,2701321.0,0,0,8,32,0,2795317.0,2697472.4285714286
2024-08-06,2413736.0,1,0,8,32,0,2437121.0,2684044.4285714286
2024-08-07,2555693.0,2,0,8,32,0,2618705.0,2680703.714285714
2024-08-08,2808911.0,3,0,8,32,0,2871907.0,2671702.0
2024-08-09,2756793.0,4,0,8,32,0,2803445.0,2662702.5714285714
2024-08-10,2475459.0,5,1,8,32,0,2555713.0,2656038.0
2024-08-11,2850074.0,6,1,8,32,0,2800099.0,2644573.1428571427
2024-08-12,2705415.0,0,0,8,33,0,2701321.0,2651712.4285714286
2024-08-13,2266346.0,1,0,8,33,0,2413736.0,2652297.285714286
2024-08-14,2380580.0,2,0,8,33,0,2555693.0,2631241.5714285714
2024-08-15,2732713.0,3,0,8,33,0,2808911.0,2606225.4285714286
2024-08-16,2748819.0,4,0,8,33,0,2756793.0,2595340.0
2024-08-17,2344279.0,5,1,8,33,0,2475459.0,2594200.8571428573
2024-08-18,2796821.0,6,1,8,33,0,2850074.0,2575460.8571428573
2024-08-19,2686909.0,0,0,8,34,0,2705415.0,2567853.285714286
2024-08-20,2252171.0,1,0,8,34,0,2266346.0,2565209.5714285714
2024-08-21,2310258.0,2,0,8,34,0,2380580.0,2563184.5714285714
2024-08-22,2654402.0,3,0,8,34,0,2732713.0,2553138.5714285714
2024-08-23,2660166.0,4,0,8,34,0,2748819.0,2541951.285714286
2024-08-24,2185822.0,5,1,8,34,0,2344279.0,2529286.5714285714
2024-08-25,2702492.0,6,1,8,34,0,2796821.0,2506649.8571428573
2024-08-26,2463227.0,0,0,8,35,0,2686909.0,2493174.285714286
2024-08-27,1980342.0,1,0,8,35,0,2252171.0,2461219.714285714
2024-08-28,2221120.0,2,0,8,35,0,2310258.0,2422387.0
2024-08-29,2746266.0,3,0,8,35,0,2654402.0,2409653.0
2024-08-30,2913547.0,4,0,8,35,0,2660166.0,2422776.4285714286
2024-08-31,2163592.0,5,1,8,35,1,2185822.0,2458973.714285714
2024-09-01,2219496.0,6,1,9,35,1,2702492.0,2455798.0
2024-09-02,2748226.0,0,0,9,36,1,2463227.0,2386798.5714285714
2024-09-03,2272637.0,1,0,9,36,1,1980342.0,2427512.714285714
2024-09-04,1965339.0,2,0,9,36,1,2221120.0,2469269.1428571427
2024-09-05,2277401.0,3,0,9,36,0,2746266.0,2432729.0
2024-09-06,2404754.0,4,0,9,36,0,2913547.0,2365748.285714286
2024-09-07,1944006.0,5,1,9,36,0,2163592.0,2293063.5714285714
2024-09-08,2635080.0,6,1,9,36,0,2219496.0,2261694.1428571427
2024-09-09,2447809.0,0,0,9,37,0,2748226.0,2321063.285714286
2024-09-10,1947530.0,1,0,9,37,0,2272637.0,2278146.5714285714
2024-09-11,1999757.0,2,0,9,37,0,1965339.0,2231702.714285714
2024-09-12,2630964.0,3,0,9,37,0,2277401.0,2236619.5714285714
2024-09-13,2629323.0,4,0,9,37,0,2404754.0,2287128.5714285714
2024-09-14,2039797.0,5,1,9,37,0,1944006.0,2319209.8571428573
2024-09-15,2751418.0,6,1,9,37,0,2635080.0,2332894.285714286
2024-09-16,2568141.0,0,0,9,38,0,2447809.0,2349514.0
2024-09-17,2047363.0,1,0,9,38,0,1947530.0,2366704.285714286
2024-09-18,2204592.0,2,0,9,38,0,1999757.0,2380966.1428571427
2024-09-19,2720369.0,3,0,9,38,0,2630964.0,2410228.285714286
2024-09-20,2746884.0,4,0,9,38,0,2629323.0,2423000.4285714286
2024-09-21,2113564.0,5,1,9,38,0,2039797.0,2439794.8571428573
2024-09-22,2834755.0,6,1,9,38,0,2751418.0,2450333.0
2024-09-23,2624958.0,0,0,9,39,0,2568141.0,2462238.285714286
2024-09-24,2063662.0,1,0,9,39,0,2047363.0,2470355.0
2024-09-25,2245707.0,2,0,9,39,0,2204592.0,2472683.4285714286
2024-09-26,2550227.0,3,0,9,39,0,2720369.0,2478557.0
2024-09-27,2584954.0,4,0,9,39,0,2746884.0,2454251.0
2024-09-28,2090971.0,5,1,9,39,0,2113564.0,2431118.1428571427
2024-09-29,2744939.0,6,1,9,39,0,2834755.0,2427890.5714285714
2024-09-30,2544480.0,0,0,9,40,0,2624958.0,2415059.714285714
2024-10-01,1999352.0,1,0,10,40,0,2063662.0,2403562.8571428573
2024-10-02,2151683.0,2,0,10,40,0,2245707.0,2394375.714285714
2024-10-03,2640399.0,3,0,10,40,0,2550227.0,2380943.714285714
2024-10-04,2668729.0,4,0,10,40,0,2584954.0,2393825.4285714286
2024-10-05,2107910.0,5,1,10,40,0,2090971.0,2405793.285714286
2024-10-06,2830443.0,6,1,10,40,0,2744939.0,2408213.1428571427
2024-10-07,2650717.0,0,0,10,41,0,2544480.0,2420428.0
2024-10-08,2092902.0,1,0,10,41,0,1999352.0,2435604.714285714
2024-10-09,2104384.0,2,0,10,41,0,2151683.0,2448969.0
2024-10-10,2515514.0,3,0,10,41,0,2640399.0,2442212.0
2024-10-11,2840414.0,4,0,10,41,0,2668729.0,2424371.285714286
2024-10-12,2245955.0,5,1,10,41,1,2107910.0,2448897.714285714
2024-10-13,2759322.0,6,1,10,41,1,2830443.0,2468618.4285714286
2024-10-14,2753893.0,0,0,10,42,1,2650717.0,2458458.285714286
2024-10-15,2331229.0,1,0,10,42,1,2092902.0,2473197.714285714
2024-10-16,2380635.0,2,0,10,42,1,2104384.0,2507244.4285714286
2024-10-17,2790733.0,3,0,10,42,0,2515514.0,2546708.8571428573
2024-10-18,2810221.0,4,0,10,42,0,2840414.0,2586025.8571428573
2024-10-19,2244829.0,5,1,10,42,0,2245955.0,2581712.5714285714
2024-10-20,2934025.0,6,1,10,42,0,2759322.0,2581551.714285714
2024-10-21,2756016.0,0,0,10,43,0,2753893.0,2606509.285714286
2024-10-22,2162389.0,1,0,10,43,0,2331229.0,2606812.5714285714
2024-10-23,2283293.0,2,0,10,43,0,2380635.0,2582692.5714285714
2024-10-24,2734510.0,3,0,10,43,0,2790733.0,2568786.5714285714
2024-10-25,2757296.0,4,0,10,43,0,2810221.0,2560754.714285714
2024-10-26,2138621.0,5,1,10,43,0,2244829.0,2553194.0
2024-10-27,2797199.0,6,1,10,43,0,2934025.0,2538021.4285714286
2024-10-28,2571459.0,0,0,10,44,0,2756016.0,2518474.8571428573
2024-10-29,1956344.0,1,0,10,44,0,2162389.0,2492109.5714285714
2024-10-30,2160195.0,2,0,10,44,0,2283293.0,2462674.5714285714
2024-10-31,2161429.0,3,0,10,44,0,2734510.0,2445089.1428571427
2024-11-01,2565724.0,4,0,11,44,0,2757296.0,2363220.4285714286
2024-11-02,1997801.0,5,1,11,44,0,2138621.0,2335853.0
2024-11-03,2646807.0,6,1,11,44,0,2797199.0,2315735.8571428573
2024-11-04,2403233.0,0,0,11,45,0,2571459.0,2294251.285714286
2024-11-05,1910059.0,1,0,11,45,0,1956344.0,2270219.0
2024-11-06,2106444.0,2,0,11,45,0,2160195.0,2263606.8571428573
2024-11-07,2597660.0,3,0,11,45,0,2161429.0,2255928.1428571427
2024-11-08,2662635.0,4,0,11,45,0,2565724.0,2318246.8571428573
2024-11-09,2112678.0,5,1,11,45,1,1997801.0,2332091.285714286
2024-11-10,2660472.0,6,1,11,45,1,2646807.0,2348502.285714286
2024-11-11,2697567.0,0,0,11,46,1,2403233.0,2350454.4285714286
2024-11-12,2085620.0,1,0,11,46,1,1910059.0,2392502.1428571427
2024-11-13,2088739.0,2,0,11,46,1,2106444.0,2417582.285714286
2024-11-14,2561968.0,3,0,11,46,0,2597660.0,2415053.0
2024-11-15,2636505.0,4,0,11,46,0,2662635.0,2409954.1428571427
2024-11-16,1949769.0,5,1,11,46,0,2112678.0,2406221.285714286
2024-11-17,2663030.0,6,1,11,46,0,2660472.0,2382948.5714285714
2024-11-18,2455375.0,0,0,11,47,0,2697567.0,2383314.0
2024-11-19,1885832.0,1,0,11,47,0,2085620.0,2348715.1428571427
2024-11-20,2070826.0,2,0,11,47,0,2088739.0,2320174.0
2024-11-21,2550762.0,3,0,11,47,0,2561968.0,2317615.0
2024-11-22,2754798.0,4,0,11,47,0,2636505.0,2316014.1428571427
2024-11-23,2493313.0,5,1,11,47,0,1949769.0,2332913.1428571427
2024-11-24,2659301.0,6,1,11,47,0,2663030.0,2410562.285714286
2024-11-25,2506373.0,0,0,11,48,0,2455375.0,2410029.5714285714
2024-11-26,2694504.0,1,0,11,48,1,1885832.0,2417315.0
2024-11-27,2726845.0,2,0,11,48,1,2070826.0,2532839.5714285714
2024-11-28,1551896.0,3,0,11,48,1,2550762.0,2626556.5714285714
2024-11-29,2377911.0,4,0,11,48,1,2754798.0,2483861.4285714286
2024-11-30,2811101.0,5,1,11,48,1,2493313.0,2430020.4285714286
2024-12-01,3088836.0,6,1,12,48,0,2659301.0,2475418.714285714
2024-12-02,2829000.0,0,0,12,49,0,2506373.0,2536780.8571428573
2024-12-03,2283750.0,1,0,12,49,0,2694504.0,2582870.4285714286
2024-12-04,2120703.0,2,0,12,49,0,2726845.0,2524191.285714286
2024-12-05,2443620.0,3,0,12,49,0,1551896.0,2437599.5714285714
2024-12-06,2522641.0,4,0,12,49,0,2377911.0,2564988.714285714
2024-12-07,2012382.0,5,1,12,49,0,2811101.0,2585664.4285714286
2024-12-08,2603322.0,6,1,12,49,0,3088836.0,2471561.714285714
2024-12-09,2438070.0,0,0,12,50,0,2829000.0,2402202.5714285714
2024-12-10,2013749.0,1,0,12,50,0,2283750.0,2346355.4285714286
2024-12-11,2148651.0,2,0,12,50,0,2120703.0,2307783.8571428573
2024-12-12,2588225.0,3,0,12,50,0,2443620.0,2311776.4285714286
2024-12-13,2655019.0,4,0,12,50,0,2522641.0,2332434.285714286
2024-12-14,2146894.0,5,1,12,50,0,2012382.0,2351345.4285714286
2024-12-15,2599354.0,6,1,12,50,0,2603322.0,2370561.4285714286
2024-12-16,2401238.0,0,0,12,51,0,2438070.0,2369994.5714285714
2024-12-17,2122028.0,1,0,12,51,0,2013749.0,2364732.8571428573
2024-12-18,2351328.0,2,0,12,51,0,2148651.0,2380201.285714286
2024-12-19,2651437.0,3,0,12,51,0,2588225.0,2409155.1428571427
2024-12-20,2845856.0,4,0,12,51,0,2655019.0,2418185.4285714286
2024-12-21,2773545.0,5,1,12,51,0,2146894.0,2445447.8571428573
2024-12-22,2800962.0,6,1,12,51,0,2599354.0,2534969.4285714286
2024-12-23,2758299.0,0,0,12,52,1,2401238.0,2563770.5714285714
2024-12-24,2068817.0,1,0,12,52,1,2122028.0,2614779.285714286
2024-12-25,2039342.0,2,0,12,52,1,2351328.0,2607177.714285714
2024-12-26,2743795.0,3,0,12,52,1,2651437.0,2562608.285714286
2024-12-27,2848156.0,4,0,12,52,1,2845856.0,2575802.285714286
2024-12-28,2741872.0,5,1,12,52,0,2773545.0,2576130.8571428573
2024-12-29,2805401.0,6,1,12,52,0,2800962.0,2571606.1428571427
2024-12-30,2765740.0,0,0,12,1,1,2758299.0,2572240.285714286
2024-12-31,2172902.0,1,0,12,1,1,2068817.0,2573303.285714286
2025-01-01,2317817.0,2,0,1,1,1,2039342.0,2588172.5714285714
2025-01-02,2612162.0,3,0,1,1,1,2743795.0,2627954.714285714
2025-01-03,2563751.0,4,0,1,1,1,2848156.0,2609150.0
2025-01-04,2543303.0,5,1,1,1,0,2741872.0,2568520.714285714
2025-01-05,2579257.0,6,1,1,1,0,2805401.0,2540153.714285714
2025-01-06,2222167.0,0,0,1,2,0,2765740.0,2507847.4285714286
2025-01-07,1915448.0,1,0,1,2,0,2172902.0,2430194.1428571427
2025-01-08,1885768.0,2,0,1,2,0,2317817.0,2393415.0
2025-01-09,2033464.0,3,0,1,2,0,2612162.0,2331693.714285714
2025-01-10,2000526.0,4,0,1,2,0,2563751.0,2249022.5714285714
2025-01-11,1858186.0,5,1,1,2,0,2543303.0,2168561.8571428573
2025-01-12,2322779.0,6,1,1,2,0,2579257.0,2070688.0
2025-01-13,2063978.0,0,0,1,3,0,2222167.0,2034048.2857142857
2025-01-14,1651244.0,1,0,1,3,0,1915448.0,2011449.857142857
2025-01-15,1844782.0,2,0,1,3,0,1885768.0,1973706.4285714286
2025-01-16,2369562.0,3,0,1,3,0,2033464.0,1967851.2857142857
2025-01-17,2526699.0,4,0,1,3,0,2000526.0,2015865.2857142857
2025-01-18,1939355.0,5,1,1,3,1,1858186.0,2091032.857142857
2025-01-19,2113340.0,6,1,1,3,1,2322779.0,2102628.4285714286
2025-01-20,2467069.0,0,0,1,4,1,2063978.0,2072708.5714285714
2025-01-21,1758401.0,1,0,1,4,1,1651244.0,2130293.0
2025-01-22,1710944.0,2,0,1,4,1,1844782.0,2145601.1428571427
2025-01-23,2158274.0,3,0,1,4,0,2369562.0,2126481.4285714286
2025-01-24,2257772.0,4,0,1,4,0,2526699.0,2096297.4285714286
2025-01-25,1785853.0,5,1,1,4,0,1939355.0,2057879.2857142857
2025-01-26,2302281.0,6,1,1,4,0,2113340.0,2035950.4285714286
2025-01-27,2088851.0,0,0,1,5,0,2467069.0,2062942.0
2025-01-28,1599434.0,1,0,1,5,0,1758401.0,2008910.857142857
2025-01-29,1792651.0,2,0,1,5,0,1710944.0,1986201.2857142857
2025-01-30,2219044.0,3,0,1,5,0,2158274.0,1997873.7142857143
2025-01-31,2273071.0,4,0,1,5,0,2257772.0,2006555.142857143
2025-02-01,1791123.0,5,1,2,5,0,1785853.0,2008740.7142857143
2025-02-02,2331440.0,6,1,2,5,0,2302281.0,2009493.5714285714
2025-02-03,2102830.0,0,0,2,6,0,2088851.0,2013659.142857143
2025-02-04,1649904.0,1,0,2,6,0,1599434.0,2015656.142857143
2025-02-05,1821551.0,2,0,2,6,0,1792651.0,2022866.142857143
2025-02-06,2211186.0,3,0,2,6,0,2219044.0,2026994.7142857143
2025-02-07,2338385.0,4,0,2,6,0,2273071.0,2025872.142857143
2025-02-08,1828477.0,5,1,2,6,0,1791123.0,2035202.7142857143
2025-02-09,2186024.0,6,1,2,6,0,2331440.0,2040539.0
2025-02-10,2323951.0,0,0,2,7,0,2102830.0,2019765.2857142857
2025-02-11,1753906.0,1,0,2,7,0,1649904.0,2051354.0
2025-02-12,1990225.0,2,0,2,7,0,1821551.0,2066211.4285714286
2025-02-13,2563360.0,3,0,2,7,0,2211186.0,2090307.7142857143
2025-02-14,2626024.0,4,0,2,7,0,2338385.0,2140618.285714286
2025-02-15,2160974.0,5,1,2,7,1,1828477.0,2181709.5714285714
2025-02-16,2394991.0,6,1,2,7,1,2186024.0,2229209.1428571427
2025-02-17,2721332.0,0,0,2,8,1,2323951.0,2259061.5714285714
2025-02-18,2243788.0,1,0,2,8,1,1753906.0,2315830.285714286
2025-02-19,2122519.0,2,0,2,8,1,1990225.0,2385813.4285714286
2025-02-20,2466484.0,3,0,2,8,0,2563360.0,2404712.5714285714
2025-02-21,2553110.0,4,0,2,8,0,2626024.0,2390873.1428571427
2025-02-22,2162478.0,5,1,2,8,0,2160974.0,2380456.8571428573
2025-02-23,2594617.0,6,1,2,8,0,2394991.0,2380671.714285714
2025-02-24,2399600.0,0,0,2,9,0,2721332.0,2409189.714285714
2025-02-25,1917007.0,1,0,2,9,0,2243788.0,2363228.0
2025-02-26,2124463.0,2,0,2,9,0,2122519.0,2316545.0
2025-02-27,2579759.0,3,0,2,9,0,2466484.0,2316822.714285714
2025-02-28,2630825.0,4,0,2,9,0,2553110.0,2333004.8571428573
2025-03-01,2158850.0,5,1,3,9,0,2162478.0,2344107.0
2025-03-02,2599903.0,6,1,3,9,0,2594617.0,2343588.714285714
2025-03-03,2366161.0,0,0,3,10,0,2399600.0,2344343.8571428573
2025-03-04,1875355.0,1,0,3,10,0,1917007.0,2339566.8571428573
2025-03-05,2136554.0,2,0,3,10,0,2124463.0,2333616.5714285714
2025-03-06,2576928.0,3,0,3,10,0,2579759.0,2335343.8571428573
2025-03-07,2643053.0,4,0,3,10,0,2630825.0,2334939.4285714286
2025-03-08,2281542.0,5,1,3,10,0,2158850.0,2336686.285714286
2025-03-09,2663677.0,6,1,3,10,0,2599903.0,2354213.714285714
2025-03-10,2463857.0,0,0,3,11,0,2366161.0,2363324.285714286
2025-03-11,2027490.0,1,0,3,11,0,1875355.0,2377280.8571428573
2025-03-12,2297329.0,2,0,3,11,0,2136554.0,2399014.4285714286
2025-03-13,2708449.0,3,0,3,11,0,2576928.0,2421982.285714286
2025-03-14,2767748.0,4,0,3,11,0,2643053.0,2440771.0
2025-03-15,2487259.0,5,1,3,11,0,2281542.0,2458584.5714285714
2025-03-16,2789837.0,6,1,3,11,0,2663677.0,2487972.714285714
2025-03-17,2699013.0,0,0,3,12,0,2463857.0,2505995.5714285714
2025-03-18,2270253.0,1,0,3,12,0,2027490.0,2539589.285714286
2025-03-19,2408377.0,2,0,3,12,0,2297329.0,2574269.714285714
2025-03-20,2768538.0,3,0,3,12,0,2708449.0,2590133.714285714
2025-03-21,2771173.0,4,0,3,12,0,2767748.0,2598717.8571428573
2025-03-22,2501942.0,5,1,3,12,0,2487259.0,2599207.1428571427
2025-03-23,2832539.0,6,1,3,12,0,2789837.0,2601304.714285714
2025-03-24,2617185.0,0,0,3,13,0,2699013.0,2607405.0
2025-03-25,2153871.0,1,0,3,13,0,2270253.0,2595715.285714286
2025-03-26,2339528.0,2,0,3,13,0,2408377.0,2579089.285714286
2025-03-27,2703280.0,3,0,3,13,0,2768538.0,2569253.714285714
2025-03-28,2715766.0,4,0,3,13,0,2771173.0,2559931.1428571427
2025-03-29,2348454.0,5,1,3,13,0,2501942.0,2552015.8571428573
2025-03-30,2700604.0,6,1,3,13,0,2832539.0,2530089.0
2025-03-31,2555126.0,0,0,3,14,0,2617185.0,2511241.1428571427
2025-04-01,2181917.0,1,0,4,14,0,2153871.0,2502375.5714285714
2025-04-02,2179265.0,2,0,4,14,0,2339528.0,2506382.1428571427
2025-04-03,2619950.0,3,0,4,14,0,2703280.0,2483487.4285714286
2025-04-04,2657802.0,4,0,4,14,0,2715766.0,2471583.1428571427
2025-04-05,2240401.0,5,1,4,14,0,2348454.0,2463302.5714285714
2025-04-06,2735362.0,6,1,4,14,0,2700604.0,2447866.4285714286
2025-04-07,2532641.0,0,0,4,15,0,2555126.0,2452831.8571428573
2025-04-08,2087676.0,1,0,4,15,0,2181917.0,2449619.714285714
2025-04-09,2302933.0,2,0,4,15,0,2179265.0,2436156.714285714
2025-04-10,2720572.0,3,0,4,15,0,2619950.0,2453823.5714285714
2025-04-11,2743057.0,4,0,4,15,0,2657802.0,2468198.1428571427
2025-04-12,2271278.0,5,1,4,15,0,2240401.0,2480377.4285714286
2025-04-13,2747565.0,6,1,4,15,0,2735362.0,2484788.4285714286
2025-04-14,2565091.0,0,0,4,16,0,2532641.0,2486531.714285714
2025-04-15,2114573.0,1,0,4,16,0,2087676.0,2491167.4285714286
2025-04-16,2359864.0,2,0,4,16,0,2302933.0,2495009.8571428573
2025-04-17,2821542.0,3,0,4,16,0,2720572.0,2503142.8571428573
2025-04-18,2658132.0,4,0,4,16,0,2743057.0,2517567.1428571427
2025-04-19,2156119.0,5,1,4,16,0,2271278.0,2505435.0
2025-04-20,2591393.0,6,1,4,16,0,2747565.0,2488983.714285714
2025-04-21,2783476.0,0,0,4,17,0,2565091.0,2466673.4285714286
2025-04-22,2266040.0,1,0,4,17,0,2114573.0,2497871.285714286
2025-04-23,2343680.0,2,0,4,17,0,2359864.0,2519509.4285714286
2025-04-24,2757877.0,3,0,4,17,0,2821542.0,2517197.4285714286
2025-04-25,2766258.0,4,0,4,17,0,2658132.0,2508102.4285714286
2025-04-26,2203462.0,5,1,4,17,0,2156119.0,2523549.0
2025-04-27,2829787.0,6,1,4,17,0,2591393.0,2530312.285714286
2025-04-28,2601001.0,0,0,4,18,0,2783476.0,2564368.5714285714
2025-04-29,2067463.0,1,0,4,18,0,2266040.0,2538300.714285714
2025-04-30,2300084.0,2,0,4,18,0,2343680.0,2509932.5714285714
2025-05-01,2744098.0,3,0,5,18,0,2757877.0,2503704.5714285714
2025-05-02,2659193.0,4,0,5,18,0,2766258.0,2501736.1428571427
2025-05-03,2102342.0,5,1,5,18,0,2203462.0,2486441.1428571427
2025-05-04,2762463.0,6,1,5,18,0,2829787.0,2471995.4285714286
2025-05-05,2588956.0,0,0,5,19,0,2601001.0,2462377.714285714
2025-05-06,2106907.0,1,0,5,19,0,2067463.0,2460657.0
2025-05-07,2288927.0,2,0,5,19,0,2300084.0,2466291.8571428573
2025-05-08,2730456.0,3,0,5,19,0,2744098.0,2464698.0
2025-05-09,2711847.0,4,0,5,19,0,2659193.0,2462749.1428571427
2025-05-10,2125020.0,5,1,5,19,0,2102342.0,2470271.1428571427
2025-05-11,2646042.0,6,1,5,19,0,2762463.0,2473510.8571428573
2025-05-12,2657759.0,0,0,5,20,0,2588956.0,2456879.285714286
2025-05-13,2131356.0,1,0,5,20,0,2106907.0,2466708.285714286
2025-05-14,2366860.0,2,0,5,20,0,2288927.0,2470201.0
2025-05-15,2847916.0,3,0,5,20,0,2730456.0,2481334.285714286
2025-05-16,2834508.0,4,0,5,20,0,2711847.0,2498114.285714286
2025-05-17,2311326.0,5,1,5,20,0,2125020.0,2515637.285714286
2025-05-18,2929839.0,6,1,5,20,0,2646042.0,2542252.4285714286
2025-05-19,2793452.0,0,0,5,21,0,2657759.0,2582794.8571428573
2025-05-20,2321388.0,1,0,5,21,0,2131356.0,2602179.5714285714
2025-05-21,2510246.0,2,0,5,21,0,2366860.0,2629327.0
2025-05-22,2960413.0,3,0,5,21,0,2847916.0,2649810.714285714
2025-05-23,3010183.0,4,0,5,21,0,2834508.0,2665881.714285714
2025-05-24,2389262.0,5,1,5,21,1,2311326.0,2690978.1428571427
2025-05-25,2456295.0,6,1,5,21,1,2929839.0,2702111.8571428573
2025-05-26,2863596.0,0,0,5,22,1,2793452.0,2634462.714285714
2025-05-27,2509320.0,1,0,5,22,1,2321388.0,2644483.285714286
2025-05-28,2325817.0,2,0,5,22,1,2510246.0,2671330.714285714
2025-05-29,2626367.0,3,0,5,22,0,2960413.0,2644983.714285714
2025-05-30,2698137.0,4,0,5,22,0,3010183.0,2597262.8571428573
2025-05-31,2352801.0,5,1,5,22,0,2389262.0,2552684.8571428573
2025-06-01,2825055.0,6,1,6,22,0,2456295.0,2547476.1428571427
2025-06-02,2642700.0,0,0,6,23,0,2863596.0,2600156.1428571427
2025-06-03,2213336.0,1,0,6,23,0,2509320.0,2568599.5714285714
2025-06-04,2364375.0,2,0,6,23,0,2325817.0,2526316.1428571427
2025-06-05,2798927.0,3,0,6,23,0,2626367.0,2531824.4285714286
2025-06-06,2766521.0,4,0,6,23,0,2698137.0,2556475.8571428573
2025-06-07,2395746.0,5,1,6,23,0,2352801.0,2566245.0
2025-06-08,2927145.0,6,1,6,23,0,2825055.0,2572380.0
2025-06-09,2833198.0,0,0,6,24,0,2642700.0,2586964.285714286
2025-06-10,2363770.0,1,0,6,24,0,2213336.0,2614178.285714286
2025-06-11,2504337.0,2,0,6,24,0,2364375.0,2635668.8571428573
2025-06-12,2887798.0,3,0,6,24,0,2798927.0,2655663.4285714286
2025-06-13,2871959.0,4,0,6,24,0,2766521.0,2668359.285714286
2025-06-14,2517202.0,5,1,6,24,0,2395746.0,2683421.8571428573
2025-06-15,2888821.0,6,1,6,24,0,2927145.0,2700772.714285714
2025-06-16,2844254.0,0,0,6,25,0,2833198.0,2695297.8571428573
2025-06-17,2455696.0,1,0,6,25,1,2363770.0,2696877.285714286
2025-06-18,2705355.0,2,0,6,25,1,2504337.0,2710009.5714285714
2025-06-19,2980935.0,3,0,6,25,1,2887798.0,2738726.4285714286
2025-06-20,2891240.0,4,0,6,25,1,2871959.0,2752031.714285714
2025-06-21,2614464.0,5,1,6,25,1,2517202.0,2754786.1428571427
2025-06-22,3096797.0,6,1,6,25,0,2888821.0,2768680.714285714
2025-06-23,2953905.0,0,0,6,26,0,2844254.0,2798391.5714285714
2025-06-24,2508733.0,1,0,6,26,0,2455696.0,2814056.0
2025-06-25,2620696.0,2,0,6,26,0,2705355.0,2821632.714285714
2025-06-26,2931282.0,3,0,6,26,0,2980935.0,2809538.5714285714
2025-06-27,2988614.0,4,0,6,26,0,2891240.0,2802445.285714286
2025-06-28,2624407.0,5,1,6,26,0,2614464.0,2816355.8571428573
2025-06-29,2959224.0,6,1,6,26,0,3096797.0,2817776.285714286
2025-06-30,2780012.0,0,0,6,27,0,2953905.0,2798123.0
2025-07-01,2402675.0,1,0,7,27,0,2508733.0,2773281.1428571427
